9.3e-07,2.1932171565871125e-21,1.8288882814381945e-20
9.301171171171171e-07,2.2306158998681947e-21,1.8682646400544158e-20
9.302342342342342e-07,2.2680146431493107e-21,1.907640998670673e-20
9.303513513513513e-07,2.305413386430393e-21,1.9470173572868946e-20
9.304684684684685e-07,2.342812129711509e-21,1.9863937159031515e-20
9.305855855855856e-07,2.3815037156692915e-21,2.025770074519373e-20
9.307027027027027e-07,2.441137728232436e-21,2.0651464331355945e-20
9.308198198198198e-07,2.5007717407956342e-21,2.1045227917518516e-20
9.309369369369369e-07,2.5604057533587787e-21,2.143899150368073e-20
9.31054054054054e-07,2.620039765921923e-21,2.1781853004046474e-20
9.311711711711712e-07,2.6796737784851217e-21,2.208297551693384e-20
9.312882882882883e-07,2.7393077910482662e-21,2.2384098029820937e-20
9.314054054054054e-07,2.7989418036114645e-21,2.2685220542708307e-20
9.315225225225225e-07,2.8585758161746093e-21,2.2986343055595403e-20
9.316396396396396e-07,2.9182098287377537e-21,2.3287465568482498e-20
9.317567567567568e-07,2.977843841300952e-21,2.3588588081369868e-20
9.318738738738738e-07,3.0374778538640964e-21,2.3889710594256964e-20
9.31990990990991e-07,3.0971118664272947e-21,2.4190833107144334e-20
9.321081081081081e-07,3.156745878990439e-21,2.449195562003143e-20
9.322252252252252e-07,3.216379891553584e-21,2.4793078132918526e-20
9.323423423423424e-07,3.2760139041167822e-21,2.5094200645805895e-20
9.324594594594594e-07,3.3356479166799267e-21,2.539532315869299e-20
9.325765765765766e-07,3.395281929243125e-21,2.5696445671580358e-20
9.326936936936937e-07,3.45491594180627e-21,2.5959882028163992e-20
9.328108108108108e-07,3.514549954369414e-21,2.6146814867613442e-20
9.32927927927928e-07,3.574183966932612e-21,2.6333747707063064e-20
9.33045045045045e-07,3.633817979495757e-21,2.6520680546512514e-20
9.331621621621621e-07,3.693451992058902e-21,2.6707613385961967e-20
9.332792792792793e-07,3.7530860046221004e-21,2.6894546225411585e-20
9.333963963963964e-07,3.812720017185244e-21,2.708147906486104e-20
9.335135135135135e-07,3.84814717179826e-21,2.726841190431066e-20
9.336306306306306e-07,3.8827001612381945e-21,2.745534474376011e-20
9.337477477477477e-07,3.917253150678129e-21,2.764227758320956e-20
9.338648648648649e-07,3.951806140118094e-21,2.782921042265918e-20
9.33981981981982e-07,3.9863591295580285e-21,2.8016143262108635e-20
9.340990990990991e-07,4.020912118997994e-21,2.8203076101558254e-20
9.342162162162162e-07,4.055465108437928e-21,2.8390008941007704e-20
9.343333333333333e-07,4.0900180978778625e-21,2.8576941780457154e-20
9.344504504504505e-07,4.124571087317828e-21,2.876387461990678e-20
9.345675675675676e-07,4.159124076757762e-21,2.895080745935623e-20
9.346846846846846e-07,4.193677066197697e-21,2.913774029880568e-20
9.348018018018018e-07,4.228230055637662e-21,2.93246731382553e-20
9.349189189189189e-07,4.262783045077597e-21,2.9428329954797617e-20
9.350360360360361e-07,4.297336034517562e-21,2.9241937268183205e-20
9.351531531531531e-07,4.331889023957497e-21,2.905554458156896e-20
9.352702702702702e-07,4.366442013397431e-21,2.886915189495472e-20
9.353873873873874e-07,4.400995002837397e-21,2.868275920834031e-20
9.355045045045045e-07,4.435547992277331e-21,2.8496366521726065e-20
9.356216216216217e-07,4.4701009817172966e-21,2.8309973835111654e-20
9.357387387387387e-07,4.504653971157231e-21,2.8123581148497417e-20
9.358558558558558e-07,4.539206960597165e-21,2.7937188461883174e-20
9.35972972972973e-07,4.5737599500371305e-21,2.775079577526876e-20
9.360900900900901e-07,4.608312939477065e-21,2.756440308865452e-20
9.362072072072072e-07,4.6428659289169996e-21,2.7378010402040277e-20
9.363243243243243e-07,4.677418918356965e-21,2.7191617715425865e-20
9.364414414414414e-07,4.7119719077968994e-21,2.7005225028811623e-20
9.365585585585586e-07,4.746524897236865e-21,2.6818832342197214e-20
9.366756756756757e-07,4.781077886676799e-21,2.663243965558297e-20
9.367927927927927e-07,4.815630876116733e-21,2.6446046968968728e-20
9.369099099099099e-07,4.850183865556699e-21,2.6252793780928288e-20
9.37027027027027e-07,4.884736854996633e-21,2.5964648220082235e-20
9.371441441441442e-07,4.9192898444366004e-21,2.567650265923592e-20
9.372612612612613e-07,4.953842833876537e-21,2.5388357098389863e-20
9.373783783783783e-07,4.988395823316473e-21,2.5100211537543807e-20
9.374954954954955e-07,5.022948812756441e-21,2.4812065976697492e-20
9.376126126126126e-07,5.0575018021963776e-21,2.4523920415851435e-20
9.377297297297298e-07,5.0920547916363456e-21,2.423577485500512e-20
9.378468468468469e-07,5.126607781076282e-21,2.3947629294159064e-20
9.379639639639639e-07,5.161160770516218e-21,2.365948373331301e-20
9.380810810810811e-07,5.195713759956186e-21,2.3371338172466692e-20
9.381981981981982e-07,5.2302667493961234e-21,2.308319261162064e-20
9.383153153153153e-07,5.26481973883606e-21,2.2795047050774583e-20
9.384324324324324e-07,5.299372728276028e-21,2.2506901489928268e-20
9.385495495495495e-07,5.333925717715964e-21,2.221875592908221e-20
9.386666666666667e-07,5.368478707155932e-21,2.1973528271781743e-20
9.387837837837838e-07,5.4030316965958685e-21,2.18523378684957e-20
9.389009009009009e-07,5.437584686035805e-21,2.1731147465209655e-20
9.39018018018018e-07,5.472137675475773e-21,2.16099570619235e-20
9.391351351351351e-07,5.506690664915709e-21,2.1488766658637458e-20
9.392522522522523e-07,5.541243654355677e-21,2.1367576255351304e-20
9.393693693693694e-07,5.575796643795614e-21,2.124638585206526e-20
9.394864864864865e-07,5.61034963323555e-21,2.1125195448779213e-20
9.396036036036036e-07,5.644902622675518e-21,2.100400504549306e-20
9.397207207207207e-07,5.6794556121154544e-21,2.0882814642207017e-20
9.398378378378378e-07,5.7140086015553915e-21,2.076162423892097e-20
9.39954954954955e-07,5.748561590995359e-21,2.0640433835634817e-20
9.40072072072072e-07,5.783114580435296e-21,2.0519243432348775e-20
9.401891891891892e-07,5.817667569875263e-21,2.039805302906262e-20
9.403063063063063e-07,5.8522205593152e-21,2.0276862625776575e-20
9.404234234234234e-07,5.886773548755137e-21,2.0242409537963837e-20
9.405405405405406e-07,5.9213265381951046e-21,2.0261330819680183e-20
9.406576576576576e-07,5.955879527635041e-21,2.028025210139651e-20
9.407747747747748e-07,5.9917678344206355e-21,2.0299173383112856e-20
9.408918918918919e-07,6.032531181582102e-21,2.0318094664829184e-20
9.41009009009009e-07,6.073294528743569e-21,2.033701594654551e-20
9.411261261261262e-07,6.114057875905072e-21,2.0355937228261857e-20
9.412432432432432e-07,6.154821223066538e-21,2.0374858509978185e-20
9.413603603603603e-07,6.195584570228005e-21,2.0393779791694513e-20
9.414774774774775e-07,6.236347917389508e-21,2.0412701073410858e-20
9.415945945945946e-07,6.277111264550974e-21,2.0431622355127186e-20
9.417117117117118e-07,6.3178746117124775e-21,2.0450543636843532e-20
9.418288288288288e-07,6.358637958873944e-21,2.046946491855986e-20
9.419459459459459e-07,6.39940130603541e-21,2.0488386200276187e-20
9.420630630630631e-07,6.4401646531969134e-21,2.0507307481992533e-20
9.421801801801802e-07,6.48092800035838e-21,2.052622876370886e-20
9.422972972972973e-07,6.521691347519883e-21,2.0545150045425206e-20
9.424144144144144e-07,6.562454694681349e-21,2.0564071327141534e-20
9.425315315315315e-07,6.603218041842816e-21,2.058299260885786e-20
9.426486486486487e-07,6.643981389004319e-21,2.0572928870767755e-20
9.427657657657658e-07,6.684744736165785e-21,2.0492070821099268e-20
9.428828828828829e-07,6.725508083327289e-21,2.0411212771430706e-20
9.43e-07,6.766271430488755e-21,2.0330354721762216e-20
9.431171171171171e-07,6.807034777650221e-21,2.0249496672093727e-20
9.432342342342343e-07,6.847798124811725e-21,2.0168638622425164e-20
9.433513513513513e-07,6.88856147197319e-21,2.0087780572756678e-20
9.434684684684684e-07,6.929324819134658e-21,2.0006922523088188e-20
9.435855855855856e-07,6.97008816629616e-21,1.9926064473419626e-20
9.437027027027027e-07,7.010851513457627e-21,1.9845206423751136e-20
9.438198198198199e-07,7.05161486061913e-21,1.9764348374082574e-20
9.439369369369369e-07,7.072752308657853e-21,1.9683490324414084e-20
9.44054054054054e-07,7.08457940336793e-21,1.9602632274745597e-20
9.441711711711712e-07,7.096406498078017e-21,1.9521774225077035e-20
9.442882882882883e-07,7.108233592788095e-21,1.9440916175408545e-20
9.444054054054055e-07,7.120060687498183e-21,1.9360058125739983e-20
9.445225225225225e-07,7.13188778220826e-21,1.9279200076071493e-20
9.446396396396396e-07,7.143714876918338e-21,1.9198342026403003e-20
9.447567567567568e-07,7.155541971628426e-21,1.911748397673444e-20
9.448738738738739e-07,7.167369066338503e-21,1.9036625927065954e-20
9.449909909909909e-07,7.179196161048581e-21,1.8955767877397464e-20
9.451081081081081e-07,7.191023255758669e-21,1.8874909827728902e-20
9.452252252252252e-07,7.202850350468746e-21,1.8787667865215936e-20
9.453423423423424e-07,7.214677445178835e-21,1.8690649691385187e-20
9.454594594594595e-07,7.226504539888912e-21,1.8593631517554524e-20
9.455765765765765e-07,7.238331634598989e-21,1.8496613343723862e-20
9.456936936936937e-07,7.250158729309078e-21,1.839959516989311e-20
9.458108108108108e-07,7.261985824019155e-21,1.8302576996062447e-20
9.45927927927928e-07,7.273812918729242e-21,1.8205558822231697e-20
9.460450450450451e-07,7.28564001343932e-21,1.8108540648401034e-20
9.461621621621621e-07,7.297467108149398e-21,1.8011522474570372e-20
9.462792792792793e-07,7.309294202859485e-21,1.791450430073962e-20
9.463963963963964e-07,7.321121297569562e-21,1.7817486126908957e-20
9.465135135135135e-07,7.332948392279641e-21,1.7720467953078294e-20
9.466306306306306e-07,7.344775486989728e-21,1.7623449779247545e-20
9.467477477477477e-07,7.356602581699805e-21,1.7526431605416882e-20
9.468648648648649e-07,7.368429676409894e-21,1.742941343158613e-20
9.46981981981982e-07,7.380256771119971e-21,1.7332395257755467e-20
9.470990990990991e-07,7.392083865830048e-21,1.7235377083924805e-20
9.472162162162162e-07,7.403910960540137e-21,1.7138358910094055e-20
9.473333333333333e-07,7.415738055250214e-21,1.7041340736263393e-20
9.474504504504505e-07,7.427565149960302e-21,1.694432256243264e-20
9.475675675675676e-07,7.448055407232762e-21,1.6847304388601977e-20
9.476846846846847e-07,7.49399811713175e-21,1.6750286214771315e-20
9.478018018018018e-07,7.539940827030781e-21,1.6647522684422134e-20
9.479189189189189e-07,7.585883536929769e-21,1.653840822236653e-20
9.480360360360361e-07,7.631826246828798e-21,1.6429293760310827e-20
9.481531531531532e-07,7.677768956727786e-21,1.6320179298255222e-20
9.482702702702702e-07,7.723711666626775e-21,1.6211064836199618e-20
9.483873873873874e-07,7.769654376525805e-21,1.6101950374143915e-20
9.485045045045045e-07,7.815597086424793e-21,1.599283591208831e-20
9.486216216216216e-07,7.861539796323782e-21,1.5883721450032706e-20
9.487387387387388e-07,7.90748250622281e-21,1.5774606987977006e-20
9.488558558558558e-07,7.953425216121799e-21,1.5665492525921402e-20
9.48972972972973e-07,7.999367926020829e-21,1.5556378063865698e-20
9.490900900900901e-07,8.045310635919817e-21,1.5447263601810094e-20
9.492072072072072e-07,8.091253345818806e-21,1.533814913975449e-20
9.493243243243244e-07,8.137196055717835e-21,1.5229034677698786e-20
9.494414414414414e-07,8.183138765616823e-21,1.5119920215643182e-20
9.495585585585586e-07,8.229081475515853e-21,1.5010805753587482e-20
9.496756756756757e-07,8.275024185414842e-21,1.4901691291531877e-20
9.497927927927928e-07,8.32096689531383e-21,1.4792576829476273e-20
9.4990990990991e-07,8.366909605212859e-21,1.468346236742057e-20
9.50027027027027e-07,8.412852315111847e-21,1.4574347905364966e-20
9.501441441441441e-07,8.458795025010835e-21,1.454596318613652e-20
9.502612612612613e-07,8.504737734909866e-21,1.4519729664527646e-20
9.503783783783784e-07,8.550680444808854e-21,1.4493496142918793e-20
9.504954954954955e-07,8.596623154707883e-21,1.446726262130992e-20
9.506126126126126e-07,8.642565864606871e-21,1.444102909970107e-20
9.507297297297297e-07,8.68850857450586e-21,1.441479557809222e-20
9.508468468468469e-07,8.73445128440489e-21,1.4388562056483345e-20
9.50963963963964e-07,8.780393994303878e-21,1.4362328534874495e-20
9.510810810810811e-07,8.826336704202907e-21,1.433609501326562e-20
9.511981981981982e-07,8.872279414101895e-21,1.430986149165677e-20
9.513153153153153e-07,8.899368500451452e-21,1.428362797004792e-20
9.514324324324325e-07,8.924443703096762e-21,1.4257394448439047e-20
9.515495495495495e-07,8.94951890574205e-21,1.4231160926830194e-20
9.516666666666667e-07,8.97459410838736e-21,1.420492740522132e-20
9.517837837837838e-07,8.999669311032647e-21,1.417869388361247e-20
9.519009009009009e-07,9.024744513677934e-21,1.415246036200362e-20
9.520180180180181e-07,9.049819716323244e-21,1.4126226840394745e-20
9.521351351351351e-07,9.074894918968532e-21,1.4099993318785895e-20
9.522522522522522e-07,9.099970121613818e-21,1.4073759797177045e-20
9.523693693693694e-07,9.125045324259128e-21,1.404752627556817e-20
9.524864864864865e-07,9.150120526904415e-21,1.402129275395932e-20
9.526036036036037e-07,9.175195729549725e-21,1.3995059232350447e-20
9.527207207207207e-07,9.200270932195012e-21,1.3968825710741594e-20
9.528378378378378e-07,9.2253461348403e-21,1.3942592189132744e-20
9.52954954954955e-07,9.25042133748561e-21,1.391635866752387e-20
9.530720720720721e-07,9.275496540130897e-21,1.389012514591502e-20
9.531891891891893e-07,9.300571742776207e-21,1.3849273297825667e-20
9.533063063063063e-07,9.325646945421493e-21,1.377650894747385e-20
9.534234234234234e-07,9.35072214806678e-21,1.3703744597122035e-20
9.535405405405406e-07,9.37579735071209e-21,1.3630980246770156e-20
9.536576576576577e-07,9.400872553357378e-21,1.355821589641834e-20
9.537747747747747e-07,9.425947756002665e-21,1.3485451546066523e-20
9.538918918918918e-07,9.451022958647953e-21,1.3412687195714709e-20
9.54009009009009e-07,9.476098161293285e-21,1.3339922845362762e-20
9.541261261261262e-07,9.501173363938573e-21,1.3267158495010946e-20
9.542432432432433e-07,9.52624856658386e-21,1.319439414465913e-20
9.543603603603603e-07,9.551323769229146e-21,1.3121629794307315e-20
9.544774774774774e-07,9.576398971874433e-21,1.3048865443955499e-20
9.545945945945947e-07,9.601474174519766e-21,1.2976101093603552e-20
9.547117117117118e-07,9.593412724636255e-21,1.2903336743251736e-20
9.548288288288289e-07,9.582585040265932e-21,1.2830572392899921e-20
9.54945945945946e-07,9.57175735589561e-21,1.2757808042548105e-20
9.55063063063063e-07,9.560929671525289e-21,1.268504369219629e-20
9.551801801801803e-07,9.550101987154947e-21,1.2612279341844342e-20
9.552972972972974e-07,9.539274302784625e-21,1.2539514991492527e-20
9.554144144144144e-07,9.528446618414302e-21,1.2466750641140711e-20
9.555315315315315e-07,9.517618934043981e-21,1.2393986290788896e-20
9.556486486486486e-07,9.506791249673658e-21,1.232122194043708e-20
9.557657657657659e-07,9.495963565303317e-21,1.2248457590085133e-20
9.55882882882883e-07,9.485135880932995e-21,1.2175693239733317e-20
9.56e-07,9.474308196562673e-21,1.2102928889381502e-20
9.561171171171171e-07,9.463480512192351e-21,1.2030164539029686e-20
9.562342342342342e-07,9.452652827822028e-21,1.1957400188677871e-20
9.563513513513513e-07,9.441825143451707e-21,1.1884635838326055e-20
9.564684684684686e-07,9.430997459081364e-21,1.1811871487974108e-20
9.565855855855856e-07,9.420169774711043e-21,1.1739107137622294e-20
9.567027027027027e-07,9.409342090340721e-21,1.1666342787270478e-20
9.568198198198198e-07,9.398514405970399e-21,1.1593578436918663e-20
9.569369369369369e-07,9.387686721600077e-21,1.1520814086566847e-20
9.570540540540541e-07,9.376859037229735e-21,1.14480497362149e-20
9.571711711711712e-07,9.366031352859413e-21,1.1375285385863085e-20
9.572882882882883e-07,9.355203668489092e-21,1.1302521035511269e-20
9.574054054054054e-07,9.344375984118769e-21,1.1229756685159454e-20
9.575225225225225e-07,9.333548299748447e-21,1.1156992334807638e-20
9.576396396396397e-07,9.322720615378105e-21,1.1084227984455691e-20
9.577567567567568e-07,9.311892931007784e-21,1.1011463634103877e-20
9.578738738738739e-07,9.30106524663746e-21,1.093869928375206e-20
9.57990990990991e-07,9.290237562267139e-21,1.0865934933400246e-20
9.58108108108108e-07,9.279409877896818e-21,1.079317058304843e-20
9.582252252252253e-07,9.268582193526475e-21,1.0720406232696484e-20
9.583423423423424e-07,9.25916662963067e-21,1.0647641882344668e-20
9.584594594594595e-07,9.251481202069241e-21,1.0574877531992852e-20
9.585765765765766e-07,9.243795774507813e-21,1.0502113181641037e-20
9.586936936936936e-07,9.236110346946383e-21,1.0429348831289223e-20
9.58810810810811e-07,9.22842491938494e-21,1.0356584480937274e-20
9.58927927927928e-07,9.220739491823512e-21,1.0311633533163291e-20
9.59045045045045e-07,9.213054064262081e-21,1.0279474667253501e-20
9.591621621621622e-07,9.205368636700653e-21,1.0247315801343711e-20
9.592792792792792e-07,9.197683209139224e-21,1.0215156935433921e-20
9.593963963963963e-07,9.189997781577794e-21,1.0182998069524132e-20
9.595135135135136e-07,9.182312354016352e-21,1.0150839203614284e-20
9.596306306306307e-07,9.174626926454921e-21,1.0118680337704494e-20
9.597477477477477e-07,9.166941498893493e-21,1.0086521471794704e-20
9.598648648648648e-07,9.159256071332064e-21,1.0054362605884914e-20
9.59981981981982e-07,9.151570643770634e-21,1.0022203739975125e-20
9.600990990990992e-07,9.143885216209192e-21,9.990044874065277e-21
9.602162162162163e-07,9.136199788647761e-21,9.957886008155487e-21
9.603333333333333e-07,9.128514361086333e-21,9.925727142245697e-21
9.604504504504504e-07,9.120828933524904e-21,9.893568276335907e-21
9.605675675675675e-07,9.113143505963474e-21,9.861409410426118e-21
9.606846846846848e-07,9.105458078402032e-21,9.82925054451627e-21
9.608018018018019e-07,9.097772650840602e-21,9.79709167860648e-21
9.60918918918919e-07,9.090087223279173e-21,9.76493281269669e-21
9.61036036036036e-07,9.082401795717744e-21,9.7327739467869e-21
9.61153153153153e-07,9.074716368156314e-21,9.700615080877111e-21
9.612702702702704e-07,9.067030940594872e-21,9.668456214967262e-21
9.613873873873875e-07,9.059345513033443e-21,9.636297349057472e-21
9.615045045045045e-07,9.051660085472013e-21,9.632327702118854e-21
9.616216216216216e-07,9.043974657910584e-21,9.63281853871207e-21
9.617387387387387e-07,9.036289230349156e-21,9.633309375305287e-21
9.61855855855856e-07,9.028603802787712e-21,9.633800211898502e-21
9.61972972972973e-07,9.020918375226283e-21,9.63429104849172e-21
9.620900900900901e-07,9.013232947664853e-21,9.634781885084935e-21
9.622072072072072e-07,9.005547520103424e-21,9.635272721678151e-21
9.623243243243243e-07,8.997862092541996e-21,9.635763558271367e-21
9.624414414414416e-07,8.990176664980552e-21,9.636254394864584e-21
9.625585585585586e-07,8.982491237419123e-21,9.6367452314578e-21
9.626756756756757e-07,8.974805809857693e-21,9.637236068051015e-21
9.627927927927928e-07,8.967120382296264e-21,9.637726904644231e-21
9.629099099099099e-07,8.959434954734836e-21,9.638217741237448e-21
9.63027027027027e-07,8.951749527173405e-21,9.638708577830664e-21
9.631441441441442e-07,8.944064099611963e-21,9.639199414423881e-21
9.632612612612613e-07,8.936378672050533e-21,9.639690251017097e-21
9.633783783783784e-07,8.928693244489104e-21,9.640181087610312e-21
9.634954954954955e-07,9.009722102338018e-21,9.640671924203528e-21
9.636126126126125e-07,9.102837134972488e-21,9.641162760796744e-21
9.637297297297298e-07,9.195952167607127e-21,9.641653597389961e-21
9.63846846846847e-07,9.289067200241597e-21,9.642144433983177e-21
9.63963963963964e-07,9.382182232876069e-21,9.642635270576394e-21
9.64081081081081e-07,9.47529726551054e-21,9.64312610716961e-21
9.641981981981981e-07,9.56841229814501e-21,9.643616943762825e-21
9.643153153153154e-07,9.661527330779648e-21,9.644107780356042e-21
9.644324324324325e-07,9.75464236341412e-21,9.644598616949258e-21
9.645495495495496e-07,9.84775739604859e-21,9.645089453542474e-21
9.646666666666666e-07,9.940872428683061e-21,9.64558029013569e-21
9.647837837837837e-07,1.0033987461317533e-20,9.646071126728907e-21
9.64900900900901e-07,1.0127102493952171e-20,9.646561963322122e-21
9.65018018018018e-07,1.0220217526586642e-20,9.647052799915338e-21
9.651351351351352e-07,1.0313332559221112e-20,9.647543636508555e-21
9.652522522522522e-07,1.0406447591855584e-20,9.648034473101771e-21
9.653693693693693e-07,1.0499562624490054e-20,9.648525309694987e-21
9.654864864864866e-07,1.0592677657124693e-20,9.688206288809491e-21
9.656036036036037e-07,1.0685792689759165e-20,9.728072255653821e-21
9.657207207207208e-07,1.0778907722393635e-20,9.76793822249815e-21
9.658378378378378e-07,1.0872022755028105e-20,9.807804189342481e-21
9.65954954954955e-07,1.0965137787662576e-20,9.847670156186811e-21
9.660720720720722e-07,1.1058252820297215e-20,9.887536123031213e-21
9.661891891891893e-07,1.1151367852931686e-20,9.927402089875544e-21
9.663063063063064e-07,1.1244482885566157e-20,9.967268056719873e-21
9.664234234234234e-07,1.1337597918200629e-20,1.0007134023564204e-20
9.665405405405405e-07,1.1430712950835099e-20,1.0046999990408534e-20
9.666576576576576e-07,1.1523827983469569e-20,1.0086865957252863e-20
9.667747747747749e-07,1.1616943016104208e-20,1.0126731924097265e-20
9.66891891891892e-07,1.1710058048738678e-20,1.0166597890941596e-20
9.67009009009009e-07,1.180317308137315e-20,1.0206463857785925e-20
9.67126126126126e-07,1.189628811400762e-20,1.0246329824630256e-20
9.672432432432432e-07,1.1989403146642092e-20,1.0286195791474586e-20
9.673603603603605e-07,1.2082518179276731e-20,1.0326061758318987e-20
9.674774774774775e-07,1.2175633211911201e-20,1.0365927725163317e-20
9.675945945945946e-07,1.2268748244545672e-20,1.0405793692007648e-20
9.677117117117117e-07,1.2361863277180142e-20,1.0445659658851977e-20
9.678288288288288e-07,1.2454978309814614e-20,1.0485525625696308e-20
9.67945945945946e-07,1.2579571259952429e-20,1.052539159254071e-20
9.680630630630631e-07,1.2747643943128395e-20,1.056525755938504e-20
9.681801801801802e-07,1.291571662630436e-20,1.0605123526229369e-20
9.682972972972973e-07,1.3083789309480326e-20,1.06449894930737e-20
9.684144144144144e-07,1.3251861992656292e-20,1.068485545991803e-20
9.685315315315316e-07,1.3419934675832561e-20,1.0724721426762433e-20
9.686486486486487e-07,1.3588007359008527e-20,1.0764587393606762e-20
9.687657657657658e-07,1.375608004218449e-20,1.0804453360451092e-20
9.688828828828829e-07,1.3924152725360458e-20,1.0844319327295423e-20
9.69e-07,1.4092225408536422e-20,1.0884185294139752e-20
9.691171171171172e-07,1.426029809171269e-20,1.0924051260984154e-20
9.692342342342343e-07,1.4428370774888658e-20,1.0963917227828485e-20
9.693513513513514e-07,1.4596443458064622e-20,1.1003783194672815e-20
9.694684684684685e-07,1.476451614124059e-20,1.1043649161517144e-20
9.695855855855855e-07,1.4932588824416553e-20,1.1083515128361475e-20
9.697027027027028e-07,1.510066150759282e-20,1.1174432184833148e-20
9.6981981981982e-07,1.5268734190768788e-20,1.1277592916789895e-20
9.69936936936937e-07,1.5436806873944753e-20,1.1380753648746642e-20
9.70054054054054e-07,1.560487955712072e-20,1.148391438070339e-20
9.701711711711711e-07,1.5844762053589134e-20,1.1587075112660137e-20
9.702882882882882e-07,1.6261867794994105e-20,1.1690235844616886e-20
9.704054054054055e-07,1.667897353639983e-20,1.179339657657382e-20
9.705225225225226e-07,1.7096079277804798e-20,1.1896557308530567e-20
9.706396396396397e-07,1.751318501920977e-20,1.1999718040487314e-20
9.707567567567567e-07,1.793029076061474e-20,1.2102878772444061e-20
9.708738738738738e-07,1.834739650201971e-20,1.2206039504400808e-20
9.70990990990991e-07,1.8764502243425435e-20,1.2309200236357742e-20
9.711081081081082e-07,1.9181607984830403e-20,1.2412360968314489e-20
9.712252252252253e-07,1.9598713726235375e-20,1.2515521700271238e-20
9.713423423423423e-07,1.9940593665331768e-20,1.2618682432227985e-20
9.714594594594594e-07,2.0272467934799656e-20,1.2721843164184732e-20
9.715765765765767e-07,2.060434220426815e-20,1.2825003896141666e-20
9.716936936936938e-07,2.0936216473736038e-20,1.2928164628098413e-20
9.718108108108108e-07,2.126809074320393e-20,1.303132536005516e-20
9.71927927927928e-07,2.159996501267182e-20,1.3134486092011908e-20
9.72045045045045e-07,2.193183928213971e-20,1.3237646823968655e-20
9.721621621621623e-07,2.22637135516082e-20,1.3340807555925589e-20
9.722792792792794e-07,2.2595587821076092e-20,1.3443968287882336e-20
9.723963963963964e-07,2.292746209054398e-20,1.3547129019839083e-20
9.725135135135135e-07,2.325933636001187e-20,1.365028975179583e-20
9.726306306306306e-07,2.3594782176428917e-20,1.3753450483752577e-20
9.727477477477479e-07,2.398854576259184e-20,1.3856611215709514e-20
9.72864864864865e-07,2.4382309348754054e-20,1.3959771947666258e-20
9.72981981981982e-07,2.4776072934916267e-20,1.4062932679623008e-20
9.730990990990991e-07,2.516983652107848e-20,1.4166093411579756e-20
9.732162162162162e-07,2.5563600107240694e-20,1.4269254143536503e-20
9.733333333333335e-07,2.5957363693403618e-20,1.4487080156332787e-20
9.734504504504505e-07,2.635112727956583e-20,1.4788202669219898e-20
9.735675675675676e-07,2.6744890865728044e-20,1.508932518210701e-20
9.736846846846847e-07,2.713865445189026e-20,1.539044769499412e-20
9.738018018018018e-07,2.753241803805247e-20,1.5691570207881234e-20
9.739189189189189e-07,2.7926181624214685e-20,1.5992692720768345e-20
9.740360360360361e-07,2.836721706253822e-20,1.6293815233656e-20
9.741531531531532e-07,2.8928578008869225e-20,1.659493774654311e-20
9.742702702702703e-07,2.948993895520023e-20,1.6896060259430222e-20
9.743873873873874e-07,3.005129990153124e-20,1.7197182772317333e-20
9.745045045045044e-07,3.0612660847862245e-20,1.7498305285204444e-20
9.746216216216217e-07,3.117402179419427e-20,1.77994277980921e-20
9.747387387387388e-07,3.173538274052527e-20,1.8100550310979214e-20
9.748558558558559e-07,3.238451325687308e-20,1.8401672823866325e-20
9.74972972972973e-07,3.324293883005955e-20,1.8702795336753436e-20
9.7509009009009e-07,3.410136440324602e-20,1.9003917849640547e-20
9.752072072072073e-07,3.4959789976434044e-20,1.9305040362528202e-20
9.753243243243244e-07,3.581821554962052e-20,1.979073178693297e-20
9.754414414414415e-07,3.63837990572196e-20,2.0278306033828768e-20
9.755585585585586e-07,3.6839971765360757e-20,2.0765880280724568e-20
9.756756756756756e-07,3.729614447350192e-20,2.1253454527620365e-20
9.75792792792793e-07,3.775231718164391e-20,2.1741028774517044e-20
9.7590990990991e-07,3.8208489889785066e-20,2.222860302141284e-20
9.76027027027027e-07,3.866466259792623e-20,2.2716177268308638e-20
9.761441441441442e-07,3.9120835306067386e-20,2.3203751515204438e-20
9.762612612612612e-07,3.957700801420855e-20,2.3691325762100235e-20
9.763783783783785e-07,4.003318072235053e-20,2.4178900008996914e-20
9.764954954954956e-07,4.141891068059221e-20,2.466647425589271e-20
9.766126126126127e-07,4.455485959617901e-20,2.5237220585072695e-20
9.767297297297297e-07,4.769080851176581e-20,2.601347010379164e-20
9.768468468468468e-07,5.08267574273526e-20,2.6789719622510584e-20
9.769639639639641e-07,4.744304681815553e-20,2.756596914123093e-20
9.770810810810812e-07,5.1599094751727033e-20,2.8342218659949875e-20
9.771981981981983e-07,5.766623226778196e-20,2.9118468178668816e-20
9.773153153153153e-07,5.852465784096843e-20,2.9894717697387763e-20
9.774324324324324e-07,5.93830834141549e-20,3.10164377395146e-20
9.775495495495495e-07,6.024150898734138e-20,3.26563506068891e-20
9.776666666666668e-07,6.10999345605294e-20,3.4296263474266576e-20
9.777837837837839e-07,6.290737832235981e-20,3.593617634164108e-20
9.77900900900901e-07,6.511411775111077e-20,3.781542365456796e-20
9.78018018018018e-07,6.866098842599714e-20,4.38746738157419e-20
9.78135135135135e-07,7.308356147784435e-20,4.284180684838135e-20
9.782522522522524e-07,7.16823688545374e-20,4.51469188317892e-20
9.783693693693694e-07,7.662070932308656e-20,4.7452030815192883e-20
9.784864864864865e-07,8.123500156362118e-20,4.975714279859657e-20
9.786036036036036e-07,8.565757461546839e-20,5.206225478200026e-20
9.787207207207207e-07,8.94276112965721e-20,5.461845593158576e-20
9.78837837837838e-07,9.596450945728197e-20,5.722577549280518e-20
9.78954954954955e-07,9.694242642458184e-20,6.050620517044877e-20
9.790720720720721e-07,1.047432156600738e-19,6.397534066333288e-20
9.791891891891892e-07,1.09165788711921e-19,7.352963929300465e-20
9.793063063063063e-07,1.1362510749384642e-19,7.309487511708364e-20
9.794234234234236e-07,1.1817403493792186e-19,9.362746653198052e-20
9.795405405405406e-07,1.2272296238198906e-19,8.794311501043404e-20
9.796576576576577e-07,1.2727188982605629e-19,9.127747371625989e-20
9.797747747747748e-07,1.3189890196031393e-19,9.461183242208573e-20
9.798918918918919e-07,1.3657588553925728e-19,9.794619112791158e-20
9.80009009009009e-07,1.4105403263299514e-19,1.0128054983373745e-19
9.801261261261262e-07,1.4547660568484603e-19,1.0461490853956933e-19
9.802432432432433e-07,1.4658907075554808e-19,1.0794926724539518e-19
9.803603603603604e-07,1.4744749632873473e-19,1.1128362595122103e-19
9.804774774774775e-07,1.4830592190192136e-19,1.1461798465704689e-19
9.805945945945945e-07,1.49164347475108e-19,1.1795234336287272e-19
9.807117117117118e-07,1.500227730482962e-19,1.1793698813485965e-19
9.80828828828829e-07,1.5088119862148285e-19,1.1621819944376865e-19
9.80945945945946e-07,1.5173962419466947e-19,1.1449941075267762e-19
9.81063063063063e-07,1.5259804976785612e-19,1.1278062206158662e-19
9.811801801801801e-07,1.5345647534104275e-19,1.1106183337049562e-19
9.812972972972974e-07,1.5233758722234847e-19,1.0934304467940148e-19
9.814144144144145e-07,1.507051323002908e-19,1.0762425598831048e-19
9.815315315315316e-07,1.4907267737823313e-19,1.0590546729721947e-19
9.816486486486486e-07,1.4744022245617546e-19,1.0418667860612845e-19
9.817657657657657e-07,1.458077675341178e-19,1.0246788991503745e-19
9.81882882882883e-07,1.437974488854973e-19,1.0074910122394333e-19
9.82e-07,1.4105351344004734e-19,9.283608404812281e-20
9.821171171171172e-07,1.3830957799459737e-19,9.156098282433933e-20
9.822342342342342e-07,1.3598029835543382e-19,9.028588160055584e-20
9.823513513513513e-07,1.3440605184001162e-19,8.901078037677236e-20
9.824684684684686e-07,1.3283180532458654e-19,8.773567915298657e-20
9.825855855855857e-07,1.3125755880916431e-19,8.646057792920309e-20
9.827027027027028e-07,1.2968331229374208e-19,7.354002615043762e-20
9.828198198198198e-07,1.2810906577831987e-19,6.368897931784442e-20
9.82936936936937e-07,1.192332319613081e-19,6.134499178334041e-20
9.830540540540542e-07,1.1765898544588306e-19,5.900100424883216e-20
9.831711711711713e-07,1.1608473893046083e-19,5.686846483456071e-20
9.832882882882883e-07,1.145104924150386e-19,5.495267760206154e-20
9.834054054054054e-07,1.129362458996164e-19,5.303689036956237e-20
9.835225225225225e-07,1.1136199938419416e-19,4.713842852096939e-20
9.836396396396396e-07,1.087002728738346e-19,4.617668376657433e-20
9.837567567567569e-07,1.0595633742837965e-19,4.5214939012177525e-20
9.83873873873874e-07,1.0321240198292966e-19,4.4253194257782467e-20
9.83990990990991e-07,1.0157294983043878e-19,4.32914495033874e-20
9.84108108108108e-07,9.999870331501604e-20,4.2318363937554045e-20
9.842252252252252e-07,9.84244567995933e-20,4.129276261658376e-20
9.843423423423425e-07,9.68502102841677e-20,4.0267161295611625e-20
9.844594594594595e-07,9.527596376874495e-20,3.9241559974641344e-20
9.845765765765766e-07,9.37017172533222e-20,3.8215958653671064e-20
9.846936936936937e-07,9.212747073789945e-20,3.719035733270078e-20
9.848108108108108e-07,9.05532242224767e-20,3.610340032047308e-20
9.84927927927928e-07,8.897897770705111e-20,3.5014543435905514e-20
9.850450450450451e-07,8.740473119162836e-20,3.3925686551339917e-20
9.851621621621622e-07,8.573014301079284e-20,3.283682966677432e-20
9.852792792792793e-07,8.298620756534288e-20,3.174797278220872e-20
9.853963963963964e-07,8.024227211989291e-20,3.061288879130349e-20
9.855135135135136e-07,7.760984208243839e-20,2.946136890111254e-20
9.856306306306307e-07,7.597738716038127e-20,2.8309849010923666e-20
9.857477477477478e-07,7.434493223832414e-20,2.715832912073479e-20
9.858648648648649e-07,7.271247731626701e-20,2.600680923054592e-20
9.85981981981982e-07,7.108002239420987e-20,2.525911130834915e-20
9.860990990990992e-07,6.94475674721498e-20,2.4947431700989326e-20
9.862162162162163e-07,6.837493334680767e-20,2.4635752093630065e-20
9.863333333333334e-07,6.760845120201263e-20,2.4324072486270807e-20
9.864504504504505e-07,6.684196905721758e-20,2.4012392878911546e-20
9.865675675675675e-07,6.607548691242254e-20,2.3700713271552288e-20
9.866846846846848e-07,6.530900476762612e-20,2.3389033664192464e-20
9.86801801801802e-07,6.454252262283107e-20,2.3077354056833203e-20
9.86918918918919e-07,6.377604047803603e-20,2.2765674449473945e-20
9.87036036036036e-07,6.3009558333241e-20,2.2453994842114687e-20
9.871531531531531e-07,6.224307618844596e-20,2.2142315234755426e-20
9.872702702702702e-07,6.147659404365091e-20,2.1830635627396165e-20
9.873873873873875e-07,6.093517923907823e-20,2.1518956020036344e-20
9.875045045045046e-07,6.069433730800432e-20,2.1207276412677083e-20
9.876216216216217e-07,6.045349537693041e-20,2.0895596805317825e-20
9.877387387387387e-07,6.02126534458565e-20,2.069138524402777e-20
9.878558558558558e-07,5.997181151478259e-20,2.0546103794256805e-20
9.87972972972973e-07,5.973096958370824e-20,2.0400822344485577e-20
9.880900900900902e-07,5.949012765263432e-20,2.0255540894714614e-20
9.882072072072072e-07,5.924928572156042e-20,2.0110259444943648e-20
9.883243243243243e-07,5.90084437904865e-20,1.9964977995172682e-20
9.884414414414414e-07,5.876760185941259e-20,1.981969654540172e-20
9.885585585585587e-07,5.852675992833824e-20,1.967441509563049e-20
9.886756756756758e-07,5.828591799726434e-20,1.9529133645859525e-20
9.887927927927928e-07,5.804507606619042e-20,1.9383852196088562e-20
9.8890990990991e-07,5.78042341351165e-20,1.9238570746317597e-20
9.89027027027027e-07,5.75633922040426e-20,1.9093289296546634e-20
9.891441441441443e-07,5.732255027296825e-20,1.8948007846775406e-20
9.892612612612614e-07,5.708170834189434e-20,1.880272639700444e-20
9.893783783783784e-07,5.684086641082042e-20,1.8657444947233477e-20
9.894954954954955e-07,5.660002447974652e-20,1.864102625040835e-20
9.896126126126126e-07,5.63591825486726e-20,1.862680646227188e-20
9.897297297297299e-07,5.611834061759825e-20,1.861258667413539e-20
9.89846846846847e-07,5.587749868652434e-20,1.8598366885998923e-20
9.89963963963964e-07,5.563665675545043e-20,1.8584147097862455e-20
9.90081081081081e-07,5.539581482437652e-20,1.8569927309725987e-20
9.901981981981982e-07,5.51549728933026e-20,1.855570752158952e-20
9.903153153153155e-07,5.491413096222825e-20,1.854148773345303e-20
9.904324324324325e-07,5.467328903115435e-20,1.852726794531656e-20
9.905495495495496e-07,5.443244710008043e-20,1.8513048157180095e-20
9.906666666666667e-07,5.4191605169006526e-20,1.8498828369043627e-20
9.907837837837838e-07,5.395076323793261e-20,1.848460858090716e-20
9.909009009009008e-07,5.4094830473812665e-20,1.8470388792770693e-20
9.910180180180181e-07,5.427885858750934e-20,1.84561690046342e-20
9.911351351351352e-07,5.446288670120567e-20,1.8441949216497732e-20
9.912522522522523e-07,5.4646914814902e-20,1.8427729428361267e-20
9.913693693693694e-07,5.483094292859834e-20,1.8413509640224798e-20
9.914864864864864e-07,5.501497104229467e-20,1.8399289852088333e-20
9.916036036036037e-07,5.519899915599133e-20,1.838507006395184e-20
9.917207207207208e-07,5.538302726968766e-20,1.8370850275815372e-20
9.918378378378379e-07,5.5567055383384e-20,1.8356630487678904e-20
9.91954954954955e-07,5.575108349708033e-20,1.8342410699542438e-20
9.92072072072072e-07,5.593511161077666e-20,1.832819091140597e-20
9.921891891891893e-07,5.611913972447333e-20,1.8313971123269477e-20
9.923063063063064e-07,5.630316783816967e-20,1.832045753560018e-20
9.924234234234235e-07,5.6487195951866e-20,1.8333230120429088e-20
9.925405405405406e-07,5.667122406556233e-20,1.8346002705257994e-20
9.926576576576576e-07,5.685525217925867e-20,1.8358775290086903e-20
9.92774774774775e-07,5.703928029295533e-20,1.837154787491583e-20
9.92891891891892e-07,5.722330840665166e-20,1.838432045974474e-20
9.93009009009009e-07,5.740733652034799e-20,1.8397093044573646e-20
9.931261261261261e-07,5.759136463404433e-20,1.8409865629402553e-20
9.932432432432432e-07,5.777539274774066e-20,1.842263821423146e-20
9.933603603603605e-07,5.795942086143733e-20,1.843541079906039e-20
9.934774774774776e-07,5.814344897513366e-20,1.8448183383889296e-20
9.935945945945947e-07,5.832747708883e-20,1.8460955968718202e-20
9.937117117117117e-07,5.851150520252632e-20,1.8473728553547112e-20
9.938288288288288e-07,5.869553331622266e-20,1.8486501138376018e-20
9.93945945945946e-07,5.887956142991932e-20,1.8499273723204948e-20
9.940630630630632e-07,5.906358954361566e-20,1.8512046308033855e-20
9.941801801801803e-07,5.924761765731199e-20,1.852481889286276e-20
9.942972972972973e-07,5.943164577100832e-20,1.8537591477691667e-20
9.944144144144144e-07,5.961567388470466e-20,1.8550364062520574e-20
9.945315315315315e-07,6.012080117269121e-20,1.8563136647349483e-20
9.946486486486488e-07,6.068216211902316e-20,1.857590923217841e-20
9.947657657657658e-07,6.124352306535409e-20,1.858868181700732e-20
9.94882882882883e-07,6.180488401168502e-20,1.8601454401836226e-20
9.95e-07,6.236624495801595e-20,1.8614226986665132e-20
9.95117117117117e-07,6.292760590434688e-20,1.862699957149404e-20
9.952342342342344e-07,6.348896685067883e-20,1.863977215632297e-20
9.953513513513514e-07,6.405032779700975e-20,1.8652544741151876e-20
9.954684684684685e-07,6.461168874334069e-20,1.8665317325980782e-20
9.955855855855856e-07,6.517304968967162e-20,1.867808991080969e-20
9.957027027027027e-07,6.573441063600254e-20,1.8659109623136856e-20
9.9581981981982e-07,6.629577158233449e-20,1.863020909472922e-20
9.95936936936937e-07,6.685713252866543e-20,1.8601308566321637e-20
9.960540540540541e-07,6.741849347499636e-20,1.8572408037914054e-20
9.961711711711712e-07,6.80265098255794e-20,1.8543507509506472e-20
9.962882882882883e-07,6.864102291879416e-20,1.851460698109889e-20
9.964054054054056e-07,6.925553601201003e-20,1.8485706452691252e-20
9.965225225225226e-07,6.987004910522479e-20,1.845680592428367e-20
9.966396396396397e-07,7.048456219843956e-20,1.8427905395876087e-20
9.967567567567568e-07,7.109907529165431e-20,1.8399004867468505e-20
9.968738738738739e-07,7.171358838486907e-20,1.837010433906092e-20
9.969909909909911e-07,7.232810147808495e-20,1.8341203810653285e-20
9.971081081081082e-07,7.29426145712997e-20,1.8312303282245703e-20
9.972252252252253e-07,7.355712766451447e-20,1.8283402753838117e-20
9.973423423423424e-07,7.417164075772923e-20,1.8254502225430535e-20
9.974594594594595e-07,7.478615385094398e-20,1.8225601697022952e-20
9.975765765765767e-07,7.540066694415986e-20,1.8196701168615318e-20
9.976936936936938e-07,7.601518003737462e-20,1.8167800640207733e-20
9.978108108108109e-07,7.630989970074865e-20,1.813890011180015e-20
9.97927927927928e-07,7.658913480185668e-20,1.8109999583392568e-20
9.98045045045045e-07,7.686836990296471e-20,1.8081099054984985e-20
9.981621621621621e-07,7.714760500407273e-20,1.8052198526577402e-20
9.982792792792794e-07,7.742684010518126e-20,1.8023297998169766e-20
9.983963963963965e-07,7.770607520628929e-20,1.7994397469762183e-20
9.985135135135136e-07,7.798531030739732e-20,1.7914250534322576e-20
9.986306306306306e-07,7.826454540850534e-20,1.7787029774507834e-20
9.987477477477477e-07,7.854378050961337e-20,1.7659809014693092e-20
9.98864864864865e-07,7.88230156107219e-20,1.7532588254878118e-20
9.98981981981982e-07,7.910225071182993e-20,1.7405367495063375e-20
9.990990990990992e-07,7.938148581293795e-20,1.7278146735248633e-20
9.992162162162162e-07,7.966072091404598e-20,1.715092597543389e-20
9.993333333333333e-07,7.9939956015154e-20,1.7023705215619146e-20
9.994504504504506e-07,8.021919111626253e-20,1.6896484455804175e-20
9.995675675675677e-07,8.049842621737056e-20,1.6769263695989432e-20
9.996846846846847e-07,8.053723250713791e-20,1.6642042936174687e-20
9.998018018018018e-07,8.010904484234909e-20,1.6514822176359945e-20
9.99918918918919e-07,7.968085717756027e-20,1.6387601416545203e-20
1.0000360360360362e-06,7.925266951277067e-20,1.626038065673023e-20
1.0001531531531533e-06,7.882448184798185e-20,1.6133159896915486e-20
1.0002702702702703e-06,7.839629418319302e-20,1.6005939137100744e-20
1.0003873873873874e-06,7.79681065184042e-20,1.5878718377286002e-20
1.0005045045045045e-06,7.753991885361537e-20,1.575149761747126e-20
1.0006216216216216e-06,7.711173118882655e-20,1.5624276857656514e-20
1.0007387387387389e-06,7.668354352403694e-20,1.5497056097841543e-20
1.000855855855856e-06,7.611881676233275e-20,1.5139542759458942e-20
1.000972972972973e-06,7.531939969821017e-20,1.4781028647624275e-20
1.00109009009009e-06,7.451998263408758e-20,1.4422514535789604e-20
1.0012072072072074e-06,7.372056556996356e-20,1.406400042395429e-20
1.0013243243243245e-06,7.292114850584098e-20,1.3705486312119623e-20
1.0014414414414415e-06,7.21217314417184e-20,1.3346972200284954e-20
1.0015585585585586e-06,7.132231437759582e-20,1.2988458088450287e-20
1.0016756756756757e-06,7.052289731347323e-20,1.2629943976615618e-20
1.0017927927927928e-06,6.972348024935065e-20,1.227142986478095e-20
1.00190990990991e-06,6.892406318522663e-20,1.1919762697502727e-20
1.0020270270270271e-06,6.802787534418589e-20,1.1655229564673663e-20
1.0021441441441442e-06,6.645362882876314e-20,1.13906964318446e-20
1.0022612612612613e-06,6.48793823133404e-20,1.1126163299015537e-20
1.0023783783783784e-06,6.330513579791766e-20,1.0861630166186474e-20
1.0024954954954956e-06,6.173088928249205e-20,1.0597097033356933e-20
1.0026126126126127e-06,6.01566427670693e-20,1.033256390052787e-20
1.0027297297297298e-06,5.892006168772116e-20,1.0068030767698808e-20
1.0028468468468469e-06,5.783120480315543e-20,9.803497634869745e-21
1.002963963963964e-06,5.674234791858972e-20,9.538964502040682e-21
1.0030810810810812e-06,5.565349103402202e-20,9.274431369211141e-21
1.0031981981981983e-06,5.456463414945631e-20,9.009898236382077e-21
1.0033153153153154e-06,5.347577726489059e-20,8.745365103553014e-21
1.0034324324324325e-06,5.2386920380324866e-20,8.480831970723951e-21
1.0035495495495495e-06,5.129806349575914e-20,8.216298837894888e-21
1.0036666666666668e-06,5.04544418387668e-20,8.002644620035726e-21
1.003783783783784e-06,4.965502477464408e-20,7.915318161201664e-21
1.003900900900901e-06,4.885560771052136e-20,7.827991702367603e-21
1.004018018018018e-06,4.8056190646398636e-20,7.74066524353354e-21
1.0041351351351351e-06,4.7256773582275917e-20,7.653338784699479e-21
1.0042522522522522e-06,4.64573565181532e-20,7.566012325865418e-21
1.0043693693693695e-06,4.565793945402903e-20,7.478685867031199e-21
1.0044864864864866e-06,4.485852238990631e-20,7.391359408197137e-21
1.0046036036036036e-06,4.405910532578358e-20,7.304032949363075e-21
1.0047207207207207e-06,4.325968826166086e-20,7.216706490529013e-21
1.004837837837838e-06,4.2460271197536783e-20,7.129380031694793e-21
1.004954954954955e-06,4.16608541334142e-20,7.042053572860731e-21
1.0050720720720722e-06,4.086143706929162e-20,6.954727114026671e-21
1.0051891891891892e-06,4.006202000516904e-20,6.867400655192609e-21
1.0053063063063063e-06,3.926260294104646e-20,6.780074196358547e-21
1.0054234234234234e-06,3.8463185876923884e-20,6.6927477375244855e-21
1.0055405405405407e-06,3.766376881279986e-20,6.6054212786902656e-21
1.0056576576576578e-06,3.686435174867728e-20,6.5180948198562045e-21
1.0057747747747748e-06,3.6064934684554696e-20,6.430768361022143e-21
1.005891891891892e-06,3.5265517620432115e-20,6.343441902188081e-21
1.006009009009009e-06,3.466114815437109e-20,6.25611544335402e-21
1.0061261261261263e-06,3.440134694739604e-20,6.1687889845198e-21
1.0062432432432434e-06,3.4141545740421453e-20,6.081462525685738e-21
1.0063603603603604e-06,3.388174453344687e-20,5.994136066851676e-21
1.0064774774774775e-06,3.3621943326472286e-20,5.906809608017614e-21
1.0065945945945946e-06,3.33621421194977e-20,5.844810664698908e-21
1.0067117117117119e-06,3.310234091252265e-20,5.784203953058722e-21
1.006828828828829e-06,3.2842539705548065e-20,5.723597241418646e-21
1.006945945945946e-06,3.258273849857348e-20,5.66299052977857e-21
1.007063063063063e-06,3.2322937291598904e-20,5.602383818138494e-21
1.0071801801801802e-06,3.206313608462432e-20,5.541777106498418e-21
1.0072972972972975e-06,3.180333487764927e-20,5.481170394858232e-21
1.0074144144144145e-06,3.1543533670674683e-20,5.420563683218156e-21
1.0075315315315316e-06,3.12837324637001e-20,5.35995697157808e-21
1.0076486486486487e-06,3.1023931256725516e-20,5.299350259938004e-21
1.0077657657657658e-06,3.076413004975093e-20,5.238743548297928e-21
1.0078828828828828e-06,3.050432884277635e-20,5.178136836657851e-21
1.0080000000000001e-06,3.0244527635801295e-20,5.117530125017666e-21
1.0081171171171172e-06,2.998472642882671e-20,5.05692341337759e-21
1.0082342342342343e-06,2.972492522185213e-20,4.996316701737514e-21
1.0083513513513514e-06,2.9465124014877544e-20,4.935709990097438e-21
1.0084684684684686e-06,2.920532280790249e-20,4.875103278457252e-21
1.0085855855855857e-06,2.894552160092791e-20,4.814496566817176e-21
1.0087027027027028e-06,2.8685720393953324e-20,4.7538898551770995e-21
1.0088198198198199e-06,2.8425919186978746e-20,4.693283143537024e-21
1.008936936936937e-06,2.8289453440123845e-20,4.6326764318969476e-21
1.009054054054054e-06,2.819935658617817e-20,4.572069720256871e-21
1.0091711711711713e-06,2.810925973223233e-20,4.511463008616686e-21
1.0092882882882884e-06,2.801916287828666e-20,4.4508562969766095e-21
1.0094054054054055e-06,2.792906602434098e-20,4.390249585336533e-21
1.0095225225225225e-06,2.7838969170395307e-20,4.3296428736964576e-21
1.0096396396396396e-06,2.774887231644963e-20,4.269036162056381e-21
1.009756756756757e-06,2.7658775462503794e-20,4.208429450416196e-21
1.009873873873874e-06,2.7568678608558125e-20,4.1478227387761195e-21
1.009990990990991e-06,2.747858175461245e-20,4.143598358768216e-21
1.0101081081081081e-06,2.7388484900666775e-20,4.1539129260839874e-21
1.0102252252252252e-06,2.72983880467211e-20,4.164227493399759e-21
1.0103423423423425e-06,2.720829119277526e-20,4.174542060715549e-21
1.0104594594594596e-06,2.711819433882959e-20,4.184856628031321e-21
1.0105765765765767e-06,2.7028097484883912e-20,4.195171195347093e-21
1.0106936936936937e-06,2.6938000630938237e-20,4.205485762662865e-21
1.0108108108108108e-06,2.6847903776992562e-20,4.215800329978636e-21
1.010927927927928e-06,2.6757806923046724e-20,4.2261148972944264e-21
1.0110450450450452e-06,2.666771006910105e-20,4.236429464610198e-21
1.0111621621621623e-06,2.6577613215155374e-20,4.246744031925969e-21
1.0112792792792793e-06,2.6487516361209702e-20,4.257058599241741e-21
1.0113963963963964e-06,2.6397419507264027e-20,4.267373166557513e-21
1.0115135135135135e-06,2.6307322653318352e-20,4.277687733873284e-21
1.0116306306306308e-06,2.6217225799372514e-20,4.288002301189075e-21
1.0117477477477478e-06,2.612712894542684e-20,4.2983168685048466e-21
1.011864864864865e-06,2.6037032091481164e-20,4.308631435820618e-21
1.011981981981982e-06,2.5946935237535492e-20,4.3189460031363895e-21
1.012099099099099e-06,2.5856838383589817e-20,4.329260570452161e-21
1.0122162162162164e-06,2.576674152964398e-20,4.339575137767951e-21
1.0123333333333334e-06,2.5676644675698304e-20,4.349889705083723e-21
1.0124504504504505e-06,2.558654782175263e-20,4.360204272399495e-21
1.0125675675675676e-06,2.5496450967806954e-20,4.370518839715266e-21
1.0126846846846847e-06,2.540635411386128e-20,4.380833407031038e-21
1.012801801801802e-06,2.531625725991544e-20,4.3911479743468285e-21
1.012918918918919e-06,2.5226160405969766e-20,4.4014625416625996e-21
1.0130360360360361e-06,2.5136063552024094e-20,4.4117771089783714e-21
1.0131531531531532e-06,2.504596669807842e-20,4.422091676294143e-21
1.0132702702702703e-06,2.4955869844132744e-20,4.432406243609914e-21
1.0133873873873875e-06,2.4865772990186906e-20,4.442720810925705e-21
1.0135045045045046e-06,2.477567613624123e-20,4.453035378241477e-21
1.0136216216216217e-06,2.4685579282295556e-20,4.463349945557248e-21
1.0137387387387388e-06,2.4595482428349884e-20,4.47366451287302e-21
1.0138558558558559e-06,2.450538557440421e-20,4.4839790801887916e-21
1.0139729729729731e-06,2.441528872045837e-20,4.4942936475045815e-21
1.0140900900900902e-06,2.4325191866512696e-20,4.504608214820353e-21
1.0142072072072073e-06,2.423509501256702e-20,4.503165111948856e-21
1.0143243243243244e-06,2.4144998158621346e-20,4.491395016828815e-21
1.0144414414414414e-06,2.405490130467567e-20,4.479624921708774e-21
1.0145585585585587e-06,2.3964804450729833e-20,4.4678548265887116e-21
1.0146756756756758e-06,2.3874707596784158e-20,4.4560847314686706e-21
1.0147927927927929e-06,2.3784610742838483e-20,4.44431463634863e-21
1.01490990990991e-06,2.3734466743361438e-20,4.432544541228589e-21
1.015027027027027e-06,2.3710456480172025e-20,4.420774446108548e-21
1.0151441441441441e-06,2.368644621698261e-20,4.409004350988507e-21
1.0152612612612614e-06,2.366243595379315e-20,4.397234255868445e-21
1.0153783783783785e-06,2.3638425690603735e-20,4.3854641607484046e-21
1.0154954954954956e-06,2.3614415427414318e-20,4.3736940656283636e-21
1.0156126126126126e-06,2.3590405164224905e-20,4.3619239705083225e-21
1.0157297297297297e-06,2.356639490103549e-20,4.3501538753882814e-21
1.015846846846847e-06,2.354238463784603e-20,4.338383780268219e-21
1.015963963963964e-06,2.3518374374656615e-20,4.326613685148178e-21
1.0160810810810812e-06,2.34943641114672e-20,4.314843590028138e-21
1.0161981981981982e-06,2.3470353848277785e-20,4.303073494908097e-21
1.0163153153153153e-06,2.3446343585088372e-20,4.291303399788056e-21
1.0164324324324326e-06,2.342233332189891e-20,4.279533304667994e-21
1.0165495495495497e-06,2.3398323058709498e-20,4.2677632095479526e-21
1.0166666666666667e-06,2.337431279552008e-20,4.255993114427912e-21
1.0167837837837838e-06,2.3350302532330665e-20,4.244223019307871e-21
1.016900900900901e-06,2.3326292269141252e-20,4.23245292418783e-21
1.0170180180180182e-06,2.3302282005951794e-20,4.220682829067768e-21
1.0171351351351353e-06,2.3278271742762378e-20,4.208912733947727e-21
1.0172522522522523e-06,2.325426147957296e-20,4.197142638827686e-21
1.0173693693693694e-06,2.3230251216383548e-20,4.1853725437076456e-21
1.0174864864864865e-06,2.3206240953194132e-20,4.1736024485876046e-21
1.0176036036036038e-06,2.3182230690004674e-20,4.156881196536678e-21
1.0177207207207209e-06,2.3158220426815258e-20,4.1347526867603116e-21
1.017837837837838e-06,2.3134210163625845e-20,4.112624176983946e-21
1.017954954954955e-06,2.3110199900436428e-20,4.09049566720758e-21
1.018072072072072e-06,2.3086189637247012e-20,4.068367157431215e-21
1.0181891891891894e-06,2.3062179374057554e-20,4.046238647654809e-21
1.0183063063063064e-06,2.3097762254680674e-20,4.024110137878443e-21
1.0184234234234235e-06,2.3187149554694125e-20,4.001981628102077e-21
1.0185405405405406e-06,2.3276536854707578e-20,3.9798531183257114e-21
1.0186576576576577e-06,2.3365924154721032e-20,3.957724608549345e-21
1.0187747747747748e-06,2.3455311454734486e-20,3.93559609877298e-21
1.018891891891892e-06,2.3544698754748102e-20,3.913467588996574e-21
1.0190090090090091e-06,2.3634086054761556e-20,3.891339079220208e-21
1.0191261261261262e-06,2.3723473354775006e-20,3.869210569443842e-21
1.0192432432432433e-06,2.381286065478846e-20,3.8470820596674766e-21
1.0193603603603603e-06,2.3902247954801914e-20,3.8249535498911105e-21
1.0194774774774776e-06,2.399163525481553e-20,3.8028250401147045e-21
1.0195945945945947e-06,2.4081022554828983e-20,3.780696530338339e-21
1.0197117117117118e-06,2.4170409854842434e-20,3.758568020561973e-21
1.0198288288288289e-06,2.4259797154855888e-20,3.736439510785607e-21
1.019945945945946e-06,2.434918445486934e-20,3.714311001009242e-21
1.0200630630630632e-06,2.4438571754882958e-20,3.692182491232836e-21
1.0201801801801803e-06,2.452795905489641e-20,3.67005398145647e-21
1.0202972972972974e-06,2.4617346354909865e-20,3.647925471680104e-21
1.0204144144144145e-06,2.4706733654923316e-20,3.625796961903738e-21
1.0205315315315315e-06,2.479612095493677e-20,3.603668452127372e-21
1.0206486486486488e-06,2.4885508254950385e-20,3.581539942350967e-21
1.020765765765766e-06,2.497489555496384e-20,3.559411432574601e-21
1.020882882882883e-06,2.5064282854977293e-20,3.537282922798235e-21
1.021e-06,2.5153670154990743e-20,3.5151544130218695e-21
1.0211171171171171e-06,2.5245669998781722e-20,3.4930259032455034e-21
1.0212342342342344e-06,2.53404800865523e-20,3.4708973934690975e-21
1.0213513513513515e-06,2.5435290174322705e-20,3.4349524293764414e-21
1.0214684684684686e-06,2.5530100262093107e-20,3.3987227090619315e-21
1.0215855855855856e-06,2.5624910349863512e-20,3.362492988747422e-21
1.0217027027027027e-06,2.5719720437633918e-20,3.3262632684329122e-21
1.02181981981982e-06,2.5814530525404492e-20,3.2900335481183373e-21
1.021936936936937e-06,2.5909340613174897e-20,3.2538038278038274e-21
1.0220540540540542e-06,2.6004150700945303e-20,3.2175741074893175e-21
1.0221711711711712e-06,2.6098960788715708e-20,3.1813443871748077e-21
1.0222882882882883e-06,2.619377087648611e-20,3.145114666860298e-21
1.0224054054054054e-06,2.6288580964256516e-20,3.1088849465457883e-21
1.0225225225225227e-06,2.6383391052027093e-20,3.072655226231213e-21
1.0226396396396398e-06,2.6478201139797495e-20,3.0364255059167035e-21
1.0227567567567568e-06,2.65730112275679e-20,3.0001957856021936e-21
1.022873873873874e-06,2.6667821315338306e-20,2.9639660652876838e-21
1.022990990990991e-06,2.6762631403108712e-20,2.927736344973174e-21
1.0231081081081083e-06,2.6857441490879286e-20,2.891506624658599e-21
1.0232252252252253e-06,2.695225157864969e-20,2.855276904344089e-21
1.0233423423423424e-06,2.7047061666420097e-20,2.8190471840295796e-21
1.0234594594594595e-06,2.71418717541905e-20,2.7828174637150697e-21
1.0235765765765766e-06,2.7236681841960905e-20,2.74658774340056e-21
1.0236936936936939e-06,2.733149192973148e-20,2.7103580230859846e-21
1.023810810810811e-06,2.7426302017501884e-20,2.6741283027714747e-21
1.023927927927928e-06,2.752111210527229e-20,2.6378985824569652e-21
1.024045045045045e-06,2.7615922193042695e-20,2.6016688621424553e-21
1.0241621621621622e-06,2.770065953489694e-20,2.565439141827946e-21
1.0242792792792795e-06,2.7563871563041397e-20,2.5292094215133705e-21
1.0243963963963965e-06,2.74270835911861e-20,2.4929797011988607e-21
1.0245135135135136e-06,2.729029561933081e-20,2.4567499808843508e-21
1.0246306306306307e-06,2.7153507647475514e-20,2.420520260569841e-21
1.0247477477477478e-06,2.701671967562022e-20,2.4047452721650568e-21
1.0248648648648648e-06,2.6879931703764926e-20,2.3918615772846015e-21
1.0249819819819821e-06,2.6743143731909385e-20,2.3789778824041232e-21
1.0250990990990992e-06,2.660635576005409e-20,2.366094187523668e-21
1.0252162162162163e-06,2.6469567788198797e-20,2.353210492643213e-21
1.0253333333333334e-06,2.6332779816343503e-20,2.3403267977627577e-21
1.0254504504504506e-06,2.6195991844487962e-20,2.3274431028822794e-21
1.0255675675675677e-06,2.6059203872632668e-20,2.3145594080018245e-21
1.0256846846846848e-06,2.5922415900777374e-20,2.301675713121369e-21
1.0258018018018019e-06,2.578562792892208e-20,2.2887920182409142e-21
1.025918918918919e-06,2.5648839957066786e-20,2.275908323360459e-21
1.026036036036036e-06,2.5512051985211492e-20,2.263024628480004e-21
1.0261531531531533e-06,2.537526401335595e-20,2.2501409335995253e-21
1.0262702702702704e-06,2.5238476041500657e-20,2.2372572387190704e-21
1.0263873873873875e-06,2.5101688069645363e-20,2.224373543838615e-21
1.0265045045045045e-06,2.496490009779007e-20,2.21148984895816e-21
1.0266216216216216e-06,2.4828112125934775e-20,2.198606154077705e-21
1.026738738738739e-06,2.4691324154079234e-20,2.1857224591972265e-21
1.026855855855856e-06,2.455453618222394e-20,2.1728387643167716e-21
1.026972972972973e-06,2.4417748210368646e-20,2.1599550694363163e-21
1.0270900900900901e-06,2.4280960238513352e-20,2.1470713745558614e-21
1.0272072072072072e-06,2.4144172266658058e-20,2.134187679675406e-21
1.0273243243243245e-06,2.4007384294802517e-20,2.1213039847949278e-21
1.0274414414414416e-06,2.3870596322947223e-20,2.1084202899144725e-21
1.0275585585585587e-06,2.373380835109193e-20,2.0955365950340175e-21
1.0276756756756757e-06,2.3597020379236635e-20,2.0826529001535622e-21
1.0277927927927928e-06,2.346023240738134e-20,2.0641452232452723e-21
1.02790990990991e-06,2.33234444355258e-20,2.0279155029306973e-21
1.0280270270270272e-06,2.3186656463670506e-20,1.9916857826161875e-21
1.0281441441441442e-06,2.3049868491815212e-20,1.9554560623016776e-21
1.0282612612612613e-06,2.2913080519959918e-20,1.919226341987168e-21
1.0283783783783784e-06,2.2776292548104624e-20,1.8829966216726582e-21
1.0284954954954955e-06,2.263950457624933e-20,1.8467669013581484e-21
1.0286126126126128e-06,2.250271660439379e-20,1.810537181043573e-21
1.0287297297297298e-06,2.2365928632538495e-20,1.7743074607290636e-21
1.028846846846847e-06,2.22291406606832e-20,1.7380777404145537e-21
1.028963963963964e-06,2.2092352688827907e-20,1.701848020100044e-21
1.0290810810810813e-06,2.1910617480224485e-20,1.6656182997854687e-21
1.0291981981981984e-06,2.1688053401856914e-20,1.629388579470959e-21
1.0293153153153154e-06,2.146548932348934e-20,1.5931588591564492e-21
1.0294324324324325e-06,2.1242925245121765e-20,1.5569291388419395e-21
1.0295495495495496e-06,2.102036116675419e-20,1.5206994185274298e-21
1.0296666666666667e-06,2.0797797088386616e-20,1.48446969821292e-21
1.029783783783784e-06,2.057523301001864e-20,1.4482399778983448e-21
1.029900900900901e-06,2.0352668931651066e-20,1.4120102575838351e-21
1.030018018018018e-06,2.0130104853283492e-20,1.3757805372693253e-21
1.0301351351351352e-06,1.9907540774915917e-20,1.3395508169548156e-21
1.0302522522522523e-06,1.9684976696548343e-20,1.303321096640306e-21
1.0303693693693695e-06,1.9462412618180365e-20,1.2670913763257306e-21
1.0304864864864866e-06,1.9239848539812794e-20,1.2308616560112207e-21
1.0306036036036037e-06,1.901728446144522e-20,1.194631935696711e-21
1.0307207207207208e-06,1.8794720383077645e-20,1.1584022153822014e-21
1.0308378378378378e-06,1.857215630471007e-20,1.1221724950676917e-21
1.0309549549549551e-06,1.8349592226342096e-20,1.0859427747531164e-21
1.0310720720720722e-06,1.812702814797452e-20,1.0497130544386067e-21
1.0311891891891893e-06,1.7904464069606947e-20,1.0156400797466482e-21
1.0313063063063064e-06,1.7681899991239372e-20,9.951248917712348e-22
1.0314234234234234e-06,1.7459335912871798e-20,9.746097037958214e-22
1.0315405405405407e-06,1.723677183450382e-20,9.54094515820371e-22
1.0316576576576578e-06,1.7014207756136245e-20,9.335793278449577e-22
1.0317747747747749e-06,1.6791643677768674e-20,9.130641398695443e-22
1.031891891891892e-06,1.65690795994011e-20,8.92548951894131e-22
1.032009009009009e-06,1.6346515521033525e-20,8.720337639187176e-22
1.0321261261261261e-06,1.612395144266595e-20,8.515185759433043e-22
1.0322432432432434e-06,1.5901387364297976e-20,8.310033879678537e-22
1.0323603603603605e-06,1.56788232859304e-20,8.104881999924403e-22
1.0324774774774776e-06,1.5456259207562827e-20,7.89973012017027e-22
1.0325945945945946e-06,1.5233695129195252e-20,7.694578240416136e-22
1.032711711711712e-06,1.5011131050827274e-20,7.489426360661632e-22
1.032828828828829e-06,1.482309767925322e-20,7.284274480907498e-22
1.032945945945946e-06,1.4659800975224054e-20,7.079122601153365e-22
1.0330630630630631e-06,1.4496504271194887e-20,6.873970721399231e-22
1.0331801801801802e-06,1.433320756716572e-20,6.706331831724325e-22
1.0332972972972973e-06,1.4169910863136553e-20,6.711240197656489e-22
1.0334144144144146e-06,1.4006614159107088e-20,6.716148563588662e-22
1.0335315315315317e-06,1.3843317455077922e-20,6.721056929520826e-22
1.0336486486486487e-06,1.3680020751048755e-20,6.725965295452989e-22
1.0337657657657658e-06,1.3516724047019588e-20,6.730873661385154e-22
1.0338828828828829e-06,1.3353427342990421e-20,6.735782027317317e-22
1.0340000000000002e-06,1.3190130638960958e-20,6.740690393249489e-22
1.0341171171171173e-06,1.302683393493179e-20,6.745598759181654e-22
1.0342342342342343e-06,1.2863537230902623e-20,6.750507125113817e-22
1.0343513513513514e-06,1.2700240526873456e-20,6.755415491045981e-22
1.0344684684684685e-06,1.253694382284429e-20,6.7603238569781445e-22
1.0345855855855858e-06,1.2373647118814826e-20,6.765232222910317e-22
1.0347027027027028e-06,1.2210350414785659e-20,6.770140588842481e-22
1.03481981981982e-06,1.2047053710756491e-20,6.775048954774645e-22
1.034936936936937e-06,1.1883757006727324e-20,6.6385978052613985e-22
1.035054054054054e-06,1.1720460302698157e-20,6.430515859833946e-22
1.0351711711711714e-06,1.1557163598668694e-20,6.222433914406118e-22
1.0352882882882884e-06,1.1393866894639526e-20,6.014351968978666e-22
1.0354054054054055e-06,1.1230570190610359e-20,5.806270023551214e-22
1.0355225225225226e-06,1.1067273486581192e-20,5.598188078123761e-22
1.0356396396396397e-06,1.0903976782552025e-20,5.39010613269631e-22
1.0357567567567567e-06,1.0740680078522858e-20,5.182024187268858e-22
1.035873873873874e-06,1.0577383374493395e-20,4.985333616965935e-22
1.0359909909909911e-06,1.0414086670464227e-20,4.868216499848868e-22
1.0361081081081082e-06,1.025078996643506e-20,4.7510993827318e-22
1.0362252252252253e-06,1.0087493262405893e-20,4.633982265614733e-22
1.0363423423423423e-06,9.924196558376726e-21,4.516865148497665e-22
1.0364594594594596e-06,9.760899854347263e-21,4.399748031380385e-22
1.0365765765765767e-06,9.597603150318095e-21,4.282630914263318e-22
1.0366936936936938e-06,9.434306446288928e-21,4.165513797146251e-22
1.0368108108108109e-06,9.271009742259761e-21,4.0483966800291834e-22
1.036927927927928e-06,9.107713038230594e-21,3.9312795629121013e-22
1.0370450450450452e-06,8.944416334201131e-21,3.8141624457947973e-22
1.0371621621621623e-06,8.781119630171963e-21,3.697045328677705e-22
1.0372792792792794e-06,8.617822926142796e-21,3.5799282115606125e-22
1.0373963963963965e-06,8.489225099611314e-21,3.46281109444352e-22
1.0375135135135135e-06,8.406056235898674e-21,3.3456939773264277e-22
1.0376306306306308e-06,8.322887372185884e-21,3.2285768602091237e-22
1.0377477477477479e-06,8.239718508473245e-21,3.1114597430920313e-22
1.037864864864865e-06,8.156549644760605e-21,2.9943426259749403e-22
1.037981981981982e-06,8.073380781047966e-21,2.877225508857873e-22
1.0380990990990991e-06,7.990211917335325e-21,2.7601083917408053e-22
1.0382162162162164e-06,7.907043053622536e-21,2.6429912746235263e-22
1.0383333333333335e-06,7.823874189909897e-21,2.525874157506459e-22
1.0384504504504506e-06,7.740705326197256e-21,2.4087570403893913e-22
1.0385675675675676e-06,7.657536462484617e-21,2.2916399232723233e-22
1.0386846846846847e-06,7.574367598771978e-21,2.1745228061552563e-22
1.038801801801802e-06,7.491198735059187e-21,2.0574056890379768e-22
1.038918918918919e-06,7.408029871346548e-21,1.9402885719209093e-22
1.0390360360360362e-06,7.324861007633909e-21,1.8231714548038418e-22
1.0391531531531532e-06,7.241692143921268e-21,1.7060543376867743e-22
1.0392702702702703e-06,7.15852328020863e-21,1.5889372205697069e-22
1.0393873873873874e-06,7.07535441649599e-21,1.4718201034526394e-22
1.0395045045045047e-06,6.992185552783199e-21,1.3547029863353598e-22
1.0396216216216217e-06,6.90901668907056e-21,1.2375858692182923e-22
1.0397387387387388e-06,6.825847825357921e-21,1.1204687521012249e-22
1.039855855855856e-06,6.7426789616452806e-21,1.0033516349841575e-22
1.039972972972973e-06,6.6595100979326416e-21,8.976110660803593e-23
1.0400900900900903e-06,6.576341234219851e-21,7.922056606747856e-23
1.0402072072072073e-06,6.4931723705072115e-21,6.868002552694026e-23
1.0403243243243244e-06,6.4100035067945725e-21,5.813948498640195e-23
1.0404414414414415e-06,6.326834643081933e-21,4.7598944445863637e-23
1.0405585585585586e-06,6.243665779369293e-21,3.705840390532533e-23
1.0406756756756759e-06,6.1604969156565034e-21,2.6517863364767963e-23
1.040792792792793e-06,6.077328051943864e-21,1.5977322824229654e-23
1.04090990990991e-06,5.994159188231224e-21,1e-23
1.041027027027027e-06,5.910990324518585e-21,1e-23
1.0411441441441442e-06,5.827821460805945e-21,1e-23
1.0412612612612615e-06,5.744652597093155e-21,1e-23
1.0413783783783785e-06,5.661483733380516e-21,1e-23
1.0414954954954956e-06,5.578314869667876e-21,1e-23
1.0416126126126127e-06,5.495146005955236e-21,1e-23
1.0417297297297298e-06,5.411977142242597e-21,1e-23
1.041846846846847e-06,5.328808278529807e-21,1e-23
1.0419639639639641e-06,5.245639414817167e-21,9.476217634379416e-24
1.0420810810810812e-06,5.162470551104528e-21,8.89063204879408e-24
1.0421981981981983e-06,5.079301687391888e-21,8.305046463208741e-24
1.0423153153153154e-06,4.9961328236792485e-21,7.719460877623405e-24
1.0424324324324326e-06,4.912963959966458e-21,7.133875292037007e-24
1.0425495495495497e-06,4.829795096253819e-21,6.54828970645167e-24
1.0426666666666668e-06,4.7466262325411795e-21,5.962704120866333e-24
1.0427837837837839e-06,4.66345736882854e-21,5.377118535280995e-24
1.042900900900901e-06,4.5802885051159e-21,4.916613179878245e-24
1.043018018018018e-06,4.497119641403261e-21,4.682378945644061e-24
1.0431351351351353e-06,4.4139507776904706e-21,4.4481447114094525e-24
1.0432522522522524e-06,4.330781913977831e-21,4.2139104771752675e-24
1.0433693693693695e-06,4.267457970380634e-21,3.979676242941083e-24
1.0434864864864865e-06,4.243447707191219e-21,3.745442008706898e-24
1.0436036036036036e-06,4.2194374440018054e-21,3.511207774472714e-24
1.043720720720721e-06,4.195427180812347e-21,3.2769735402381056e-24
1.043837837837838e-06,4.1714169176229324e-21,3.042739306003921e-24
1.043954954954955e-06,4.147406654433518e-21,2.904252535884888e-24
1.0440720720720721e-06,4.123396391244103e-21,2.7871354187678206e-24
1.0441891891891892e-06,4.0993861280546884e-21,2.6700183016507534e-24
1.0443063063063065e-06,4.075375864865231e-21,2.552901184533474e-24
1.0444234234234236e-06,4.051365601675816e-21,2.4357840674164064e-24
1.0445405405405406e-06,4.0273553384864016e-21,2.3186669502993392e-24
1.0446576576576577e-06,4.003345075296987e-21,2.2015498331822716e-24
1.0447747747747748e-06,3.979334812107572e-21,2.084432716065204e-24
1.044891891891892e-06,3.955324548918114e-21,1.967315598947925e-24
1.0450090090090092e-06,3.931314285728699e-21,1.8501984818308574e-24
1.0451261261261262e-06,3.9073040225392846e-21,1.73308136471379e-24
1.0452432432432433e-06,3.883293759349871e-21,1.6159642475967223e-24
1.0453603603603604e-06,3.859283496160456e-21,1.4988471304796548e-24
1.0454774774774777e-06,3.835273232970998e-21,1.3817300133623757e-24
1.0455945945945948e-06,3.811262969781583e-21,1.2646128962453081e-24
1.0457117117117118e-06,3.787252706592168e-21,1.1474957791282406e-24
1.045828828828829e-06,3.763242443402754e-21,1.030378662011173e-24
1.045945945945946e-06,3.739232180213339e-21,9.913261544894086e-25
1.0460630630630633e-06,3.7152219170238815e-21,9.796144427776782e-25
1.0461801801801804e-06,3.691211653834467e-21,9.67902731065969e-25
1.0462972972972974e-06,3.667201390645052e-21,9.561910193542599e-25
1.0464144144144145e-06,3.6431911274556375e-21,9.444793076425506e-25
1.0465315315315316e-06,3.619180864266223e-21,9.327675959308414e-25
1.0466486486486487e-06,3.595170601076808e-21,9.210558842191321e-25
1.046765765765766e-06,3.564898917409068e-21,9.093441725074018e-25
1.046882882882883e-06,3.516470398392332e-21,8.97632460795693e-25
1.047e-06,3.468041879375596e-21,8.859207490839863e-25
