Filename-->,
Mode/Unit-->,
Int.time[ms]-->,45
NrOfAverages-->,10
Smoothing-->,0
Wavelength [nm],flint spectrum 05 24 2021
598.088,20.71810424
598.230,10.53636405
598.372,8.902412121
598.514,26.68415374
598.656,11.81624943
598.798,19.77331166
598.940,29.75177482
599.082,10.48743612
599.224,10.96246916
599.366,-6.580467834
599.508,22.39984471
599.650,10.4626131
599.792,-7.008432706
599.934,3.3765932
600.076,17.36389419
600.218,-1.314424022
600.360,18.27630648
600.502,17.39642535
600.644,20.11938636
600.786,7.420959393
600.928,4.448777632
601.070,-1.683607777
601.212,12.04705652
601.354,11.62095558
601.496,-3.253074058
601.638,-16.17133352
601.780,-13.43295985
601.922,-5.589738809
602.064,19.58872358
602.206,0.896423819
602.348,13.55334251
602.490,10.64077975
602.632,-11.12996419
602.774,-9.960504015
602.915,4.955054466
603.057,-3.185173949
603.199,-9.106577905
603.341,5.208547751
603.483,-6.917553314
603.625,0.701131527
603.767,-3.429955037
603.909,-14.21128862
604.050,-0.943801626
604.192,2.148634843
604.334,-4.422273191
604.476,-6.432823178
604.618,4.013545338
604.760,-5.448214503
604.901,6.494575278
605.043,6.602418224
605.185,-9.589887722
605.327,-13.22369047
605.469,5.497853343
605.611,3.868466584
605.752,-9.231399782
605.894,-3.094303652
606.036,-11.87304853
606.178,-8.599163206
606.319,-24.41897056
606.461,-6.929830619
606.603,8.01924216
606.745,-5.843810781
606.886,-6.628106399
607.028,6.184009866
607.170,1.451909916
607.312,2.646916787
607.453,0.805404727
607.595,-16.25435773
607.737,-13.90387381
607.878,-16.6466636
608.020,-2.631393679
608.162,-18.70857561
608.304,-2.229681726
608.445,-8.590879806
608.587,-15.95891343
608.729,-21.18974186
608.870,-2.314281293
609.012,-8.157508357
609.154,1.871744708
609.295,-12.62496801
609.437,-23.90228017
609.578,-21.57619613
609.720,-5.002286275
609.862,-14.04209874
610.003,-7.497578724
610.145,-10.41284867
610.287,-18.54695509
610.428,-11.11455766
610.570,-11.3373972
610.711,-19.39143852
610.853,-9.11585656
610.994,-7.002003898
611.136,8.061039678
611.278,-23.55436079
611.419,-3.437384995
611.561,-9.503445681
611.702,-19.74836334
611.844,-21.8329629
611.985,-19.20570443
612.127,-10.60358534
612.268,-10.17089618
612.410,-15.19300786
612.551,-17.64196208
612.693,-14.03126313
612.835,-16.56034597
612.976,-25.76363938
613.118,-27.89587899
613.259,-13.41585046
613.400,-11.28502506
613.542,-14.78803597
613.683,-26.87134268
613.825,-17.24353131
613.966,-3.705002578
614.108,-26.08531662
614.249,-23.96535142
614.391,-7.360491808
614.532,-19.22211502
614.674,-27.52668605
614.815,-24.18332513
614.956,-34.88674928
615.098,-21.28531662
615.239,-18.42368437
615.381,-13.97746458
615.522,-23.95893174
615.663,-8.10843881
615.805,-5.209704145
615.946,-17.84051731
616.088,-26.92667385
616.229,-12.95293432
616.370,-26.97118768
616.512,-24.09586679
616.653,-23.87004054
616.794,-19.80201305
616.936,-15.47420171
617.077,-6.060358175
617.218,-26.85891343
617.360,-15.13281402
617.501,-15.44507606
617.642,-28.50215581
617.784,-13.39745431
617.925,-16.94222313
618.066,-16.69730242
618.208,-21.46519032
618.349,-17.17432003
618.490,-9.179039844
618.631,-0.943655785
618.773,-19.89288942
618.914,-37.18532272
619.055,-26.72969393
619.196,2.736509482
619.338,-32.29916015
619.479,-3.997584828
619.620,-7.657784541
619.761,-29.03881753
619.903,-18.72511073
620.044,-14.03896032
620.185,-23.02982452
620.326,-13.89615229
620.467,-29.78060907
620.609,-18.78687986
620.750,-17.48818181
620.891,-26.56520863
621.032,-31.97605639
621.173,-12.07432003
621.315,-26.65735641
621.456,-20.21597488
621.597,-21.70214971
621.738,-26.84978983
621.879,-18.65593608
622.020,-19.09145072
622.161,-4.068334874
622.303,-10.6592172
622.444,-21.17734004
622.585,-25.15622753
622.726,-15.43010405
622.867,-33.1574931
623.008,-31.28060907
623.149,-17.65750531
623.290,-7.611136683
623.431,-20.61284256
623.572,-16.03283233
623.713,-28.32841035
623.855,-19.46205186
623.996,-37.53737279
624.137,-17.88062127
624.278,-28.09929684
624.419,-16.26977959
624.560,-28.88232706
624.701,-24.854789
624.842,-38.58859175
624.983,-7.460625442
625.124,-31.96091712
625.265,-28.72824308
625.406,-30.95009354
625.547,-27.70085362
625.688,-30.25322612
625.829,-28.63468688
625.970,-7.077601202
626.111,-29.81612981
626.252,-37.23923968
626.393,-25.01927436
626.534,-35.08532272
626.675,-22.61456681
626.815,-9.993013962
626.956,-46.53781336
627.097,-30.06050096
627.238,-15.29015487
627.379,-17.12553905
627.520,-22.73423434
627.661,-8.062064069
627.802,-15.18247608
627.943,-22.64082111
628.084,-21.94708579
628.225,-6.308581718
628.365,-11.5854533
628.506,-35.81171382
628.647,-12.79773372
628.788,-21.36991008
628.929,-9.489875515
629.070,-33.01599929
629.211,-18.30685116
629.351,-19.70229238
629.492,-31.14381078
629.633,-11.64051731
629.774,-41.12524737
629.915,-24.51143447
630.056,-33.94052341
630.196,-32.01469105
630.337,-24.24992658
630.478,-14.91342548
630.619,-30.22996114
630.760,-28.90701226
630.900,-20.63169158
631.041,-17.83167938
631.182,-28.79788249
631.323,-33.10686947
631.463,-34.51312183
631.604,-20.37747678
631.745,-22.65763577
631.886,-42.50387991
632.026,-22.37618697
632.167,-35.45149568
632.308,-43.29943317
632.448,-35.18688596
632.589,-35.07774399
632.730,-22.61911937
632.871,-43.11782974
633.011,-35.88704108
633.152,-30.48074563
633.293,-14.37147942
633.433,-11.33152426
633.574,-22.81755026
633.715,-34.31640342
633.855,-26.44410222
633.996,-33.52413057
634.137,-26.63467468
634.277,-35.87761341
634.418,-19.01314624
634.558,-31.93296901
634.699,-33.42568172
634.840,-34.42397593
634.980,-36.14721626
635.121,-22.92695926
635.261,-31.88558963
635.402,-25.50214361
635.543,-21.00373114
635.683,-27.85635188
635.824,-35.90700005
635.964,-41.16391877
636.105,-22.84879182
636.245,-16.11626662
636.386,-34.80699395
636.527,-40.74222923
636.667,-48.60714906
636.808,-28.27605029
636.948,-34.58259433
637.089,-29.47760731
637.229,-20.96093543
637.370,-29.9871652
637.510,-36.5193992
637.651,-41.83937648
637.791,-32.16248048
637.932,-22.48088244
638.072,-15.4594847
638.213,-45.27945588
638.353,-33.8084205
638.494,-38.67175878
638.634,-24.3194114
638.774,-51.84395321
638.915,-30.08374141
639.055,-29.74380468
639.196,-16.48103145
639.336,-36.67962297
639.477,-20.51314014
639.617,-27.8408028
639.757,-38.86248658
639.898,-25.35193637
640.038,-36.091867
640.179,-28.08887075
640.319,-34.59173606
640.459,-38.63809894
640.600,-30.10558008
640.740,-32.57647279
640.881,-38.661072
641.021,-40.48748716
641.161,-22.22254327
641.302,-33.48575157
641.442,-41.27775009
641.582,-24.47034419
641.723,-39.39045289
641.863,-23.15178712
642.003,-31.87347043
642.144,-24.72555126
642.284,-43.43668483
642.424,-46.25052179
642.564,-33.74722846
642.705,-21.28858565
642.845,-40.6871652
642.985,-34.32398203
643.126,-36.0871713
643.266,-26.10872415
643.406,-32.33466857
643.546,-35.98887685
643.687,-29.84108814
643.827,-43.46419214
643.967,-33.39488109
644.107,-57.31642173
644.247,-25.43937038
644.388,-38.61797241
644.528,-30.32254937
644.668,-41.45023034
644.808,-24.0640673
644.948,-32.48562015
645.089,-49.44267028
645.229,-48.50413497
645.369,-33.54583219
645.509,-34.2102753
645.649,-27.70115751
645.790,-33.17476676
645.930,-35.85791524
646.070,-27.73011015
646.210,-32.791867
646.350,-37.90102094
646.490,-37.26277803
646.630,-31.54093984
646.770,-32.03038305
646.911,-37.32882064
647.051,-29.07660936
647.191,-53.70887292
647.331,-31.23009795
647.471,-41.38904489
647.611,-44.89501766
647.751,-20.06889346
647.891,-25.72583049
648.031,-18.95950301
648.171,-22.05965131
648.311,-28.80571664
648.451,-21.38275531
648.591,-36.47502721
648.731,-30.63366464
648.872,-39.76435312
649.012,-18.04123081
649.152,-34.77663377
649.292,-25.08431867
649.432,-51.50714906
649.572,-57.3074283
649.712,-39.05965131
649.852,-34.16264146
649.992,-42.62569393
650.131,-50.83054403
650.271,-30.88118633
650.411,-37.16279023
650.551,-54.03526414
650.691,-40.04737771
650.831,-32.41040576
650.971,-42.61655782
651.111,-43.33823551
651.251,-26.96607087
651.391,-33.03040136
651.531,-22.10585931
651.671,-35.31654561
651.811,-41.69829267
651.951,-37.59628299
652.091,-44.96890567
652.230,-38.64123081
652.370,-29.45194858
652.510,-45.04753259
652.650,-38.48730787
652.790,-46.44566558
652.930,-26.84594529
653.070,-40.0904712
653.209,-32.20129407
653.349,-28.77693132
653.489,-18.83509096
653.629,-40.83793796
653.769,-51.31984552
653.909,-31.02895063
654.048,-45.39659885
654.188,-49.13953136
654.328,-28.69960025
654.468,-32.2291055
654.608,-42.66592258
654.747,-46.91953576
654.887,-35.28573936
655.027,-38.20727952
655.167,-45.71045459
655.306,-38.25067056
655.446,-35.95364755
655.586,-52.89960025
655.726,-34.69814342
655.865,-41.72885726
656.005,-49.2442632
656.145,-44.41499542
656.285,-27.17063001
656.424,-49.66889346
656.564,-37.3596269
656.704,-56.4736131
656.843,-40.08745664
656.983,-22.31354421
657.123,-33.02267984
657.262,-55.24440587
657.402,-48.6613334
657.542,-42.71826433
657.681,-34.26119073
657.821,-45.78275531
657.961,-28.76122125
658.100,-33.60284522
658.240,-36.86121515
658.380,-23.71484006
658.519,-11.29031585
658.659,-38.57959855
658.798,-25.82282909
658.938,-47.74141057
659.078,-35.9102753
659.217,-46.17490943
659.357,-38.33352197
659.496,-45.13211397
659.636,-37.04893449
659.775,-42.42871412
659.915,-32.24580777
660.055,-47.35379728
660.194,-49.93953746
660.334,-31.37821496
660.473,-23.25494388
660.613,-22.14108814
660.752,-38.46891788
660.892,-36.8904712
661.031,-31.30757707
661.171,-23.42427982
661.310,-34.66576722
661.450,-40.19970678
661.589,-30.16122125
661.729,-41.54281247
661.868,-32.82738164
662.008,-46.88117412
662.147,-35.03182815
662.287,-40.08118633
662.426,-45.38916314
662.566,-42.35980104
662.705,-27.9503486
662.844,-19.04566558
662.984,-37.88017534
663.123,-44.1934665
663.263,-46.9349666
663.402,-46.41810945
663.541,-32.73210176
663.681,-32.26594699
663.820,-49.07521966
663.960,-16.58572715
664.099,-26.72269204
664.238,-40.11498321
664.378,-28.63965572
664.517,-36.70428422
664.656,-45.86576722
664.796,-31.33482345
664.935,-26.34110034
665.075,-60.56293901
665.214,-43.3039862
665.353,-30.30869363
665.492,-54.64593919
665.632,-42.31812166
665.771,-31.46877521
665.910,-29.95195468
666.050,-43.81501983
666.189,-43.614971
666.328,-63.74766305
666.468,-48.88275531
666.607,-40.83042577
666.746,-41.97678865
666.885,-41.88405164
667.025,-36.19190973
667.164,-43.59499935
667.303,-38.98121074
667.442,-32.47802347
667.582,-43.3286897
667.721,-42.71044238
667.860,-28.57778672
667.999,-56.65182374
668.138,-37.44139837
668.278,-36.51653951
668.417,-51.78919977
668.556,-74.17819055
668.695,-40.17944978
668.834,-33.71653951
668.974,-33.28418163
669.113,-50.45962079
669.252,-39.82884506
669.391,-33.92427982
669.530,-49.29502376
669.669,-38.29486888
669.808,-40.86865695
669.948,-22.72125963
670.087,-41.15508045
670.226,-43.97477897
670.365,-48.32728732
670.504,-54.39328721
670.643,-45.66591037
670.782,-35.94423879
670.921,-52.66279634
671.060,-38.35011185
671.199,-56.82581218
671.338,-50.91359304
671.478,-38.34583219
671.617,-43.75182374
671.756,-33.13351587
671.895,-48.53667873
672.034,-41.58576377
672.173,-57.00870584
672.312,-35.93042577
672.451,-37.05479511
672.590,-54.51201137
672.729,-41.56435312
672.868,-59.50429643
673.007,-30.88431257
673.146,-50.71514982
673.285,-30.91800292
673.424,-43.11657613
673.563,-48.44436925
673.702,-51.98886464
673.841,-27.8442632
673.980,-47.18887685
674.119,-29.38872245
674.257,-35.45951522
674.396,-34.46891788
674.535,-48.79816173
674.674,-41.38748716
674.813,-29.05039743
674.952,-42.15021814
675.091,-36.05208515
675.230,-22.85679258
675.369,-34.88861616
675.508,-28.34882844
675.647,-54.75505603
675.785,-41.00588983
675.924,-42.87962907
676.063,-51.55650676
676.202,-45.0151254
676.341,-35.49657443
676.480,-34.53653558
676.619,-41.88576377
676.757,-52.11957239
676.896,-35.99200357
677.035,-38.67364972
677.174,-40.53495439
677.313,-69.99633182
677.451,-39.98718351
677.590,-29.0643287
677.729,-43.28418163
677.868,-53.3473533
678.007,-27.53967403
678.145,-43.47362531
678.284,-41.03025258
678.423,-42.67660936
678.562,-44.41669439
678.700,-35.37521966
678.839,-43.88573936
678.978,-45.03482345
679.117,-33.81953576
679.255,-28.27018979
679.394,-31.17944978
679.533,-41.4349666
679.671,-45.1503486
679.810,-39.29673494
679.949,-44.81799072
680.087,-35.40884851
680.226,-55.7505401
680.365,-40.65037301
680.503,-30.11970285
680.642,-61.20888513
680.781,-41.12111085
680.919,-52.61516202
681.058,-45.09973119
681.197,-35.82556346
681.335,-36.75323833
681.474,-66.45353587
681.613,-40.62539614
681.751,-13.30430864
681.890,-36.02700198
682.028,-55.10730394
682.167,-37.21343768
682.306,-31.8918609
682.444,-25.10429643
682.583,-40.17507604
682.721,-42.3382233
682.860,-45.48861616
682.998,-34.00401061
683.137,-48.79358524
683.275,-40.61343768
683.414,-36.21941751
683.553,-57.7167188
683.691,-19.79347871
683.830,-37.02410005
683.968,-42.87961686
684.107,-40.97633575
684.245,-43.71970285
684.384,-36.48572715
684.522,-37.20869363
684.661,-18.42710241
684.799,-37.2145424
684.938,-22.23181594
685.076,-39.56418603
685.214,-53.12412446
685.353,-23.06078642
685.491,-29.21172603
685.630,-38.9703564
685.768,-24.21797851
685.907,-37.00275091
686.045,-27.25964521
686.183,-47.21814607
686.322,-50.9363807
686.460,-28.57503942
686.599,-22.27018979
686.737,-25.34881624
686.875,-37.50612634
687.014,-35.30714906
687.152,-39.17048734
687.291,-33.66121515
687.429,-40.13495439
687.567,-41.42852238
687.706,-16.43025869
687.844,-18.53181594
687.982,-39.61045459
688.121,-37.12129625
688.259,-38.01325839
688.397,-28.86279634
688.536,-42.31526807
688.674,-38.80897945
688.812,-38.87978443
688.950,-40.91640952
689.089,-7.131424197
689.227,-31.60260871
689.365,-42.17660936
689.504,-48.57033199
689.642,-23.30700005
689.780,-38.11041797
689.918,-34.99801906
690.057,-29.07646669
690.195,-33.47345823
690.333,-2.142670282
690.471,-37.05821889
690.609,-27.77177099
690.748,-29.33185256
690.886,-24.82728732
691.024,-21.74722236
691.162,-18.10259651
691.300,-35.8473533
691.439,-37.68873466
691.577,-27.05810064
691.715,-36.84408391
691.853,-20.96718181
691.991,-35.22553905
692.129,-44.44549826
692.268,-29.55666211
692.406,-39.75795797
692.544,-27.84108814
692.682,-42.18104366
692.820,-21.21015681
692.958,-25.67946199
693.096,-13.39019759
693.234,-28.10103925
693.372,-22.21814607
693.511,-24.61188091
693.649,-33.50698174
693.787,-25.96419824
693.925,-26.50099042
694.063,-31.29773982
694.201,-22.17347043
694.339,-22.32097381
694.477,-14.29171775
694.615,-28.97646669
694.753,-30.96293901
694.891,-19.47804788
695.029,-38.29029144
695.167,-29.12427982
695.305,-23.62898725
695.443,-35.48261264
695.581,-30.8011453
695.719,-30.01199916
695.857,-23.38419383
695.995,-38.314971
696.133,-15.99647449
696.271,-24.55810064
696.409,-21.99331163
696.547,-15.01787246
696.685,-19.39642566
696.823,-28.61644615
696.961,-36.21199916
697.099,-30.18430036
697.237,-16.87650331
697.374,-20.81928657
697.512,-13.43012846
697.650,-27.84879182
697.788,-13.16392487
697.926,-14.21329501
698.064,-36.77817834
698.202,-14.39488109
698.340,-22.47978443
698.478,-20.94567779
698.615,-29.31928657
698.753,-32.2471041
698.891,-13.27034419
699.029,-13.37476676
699.167,-28.30103925
699.305,-16.09957584
699.442,-26.54866136
699.580,-26.91316455
699.718,-15.98576377
699.856,-17.62243698
699.994,-13.37489723
700.131,-35.30414108
700.269,-41.5244098
700.407,-41.57632354
700.545,-21.2270963
700.682,-27.42101043
700.820,-17.75339321
700.958,-13.9582311
701.096,-19.01482786
701.233,-30.95952743
701.371,-27.65636409
701.509,-4.631852563
701.647,-8.853201707
701.784,-22.7426947
701.922,-37.90569833
702.060,-10.40571054
702.197,-16.60416549
702.335,-14.73669093
702.473,-24.04111255
702.610,-18.56264146
702.748,-29.98418163
702.886,-25.04566558
703.023,-24.1041777
703.161,-13.43182815
703.299,-14.01484006
703.436,-21.78276752
703.574,-22.55335658
703.712,-17.59804347
703.849,-39.52728732
703.987,-17.60113309
704.124,-30.68559573
704.262,-17.17175878
704.400,-8.181055864
704.537,-19.63194593
704.675,-11.49957584
704.812,-31.03027089
704.950,-14.48287309
705.088,-9.862486585
705.225,-12.50102704
705.363,-16.61198696
705.500,-11.64723457
705.638,-11.93327888
705.775,-8.281043657
705.913,-5.1085512
706.050,-20.07034419
706.188,-17.53656
706.325,-20.753381
706.463,-19.52411226
706.600,-33.81325839
706.738,-19.04125522
706.875,-11.87964128
707.013,-15.91782363
707.150,-1.17959245
707.288,-34.61013239
707.425,-10.88420604
707.563,-42.44749597
707.700,-35.36708773
707.837,-28.49817394
707.975,-29.94866136
708.112,-6.5102753
708.250,-26.60586541
708.387,-6.698173936
708.525,-15.61801513
708.662,-14.32399424
708.799,-11.01325839
708.937,-24.15965741
709.074,-13.15182374
709.211,-31.30731614
709.349,-27.85325054
709.486,-5.736380704
709.624,-9.230091842
709.761,-3.634674676
709.898,-14.80387991
710.036,-16.66679006
710.173,-25.168763
710.310,-28.37347043
710.448,-13.96537584
710.585,-18.36249879
710.722,-33.24554709
710.859,-14.46862033
710.997,-21.91328281
711.134,-28.70571054
711.271,-31.24251445
711.409,-13.69942096
711.546,-28.35950301
711.683,-18.12712072
711.820,-14.15781506
711.958,-21.61487668
712.095,-22.4362378
712.232,-22.13953136
712.369,5.186729399
712.507,-23.76252321
712.644,-10.40860003
712.781,-17.80874246
712.918,-12.84854263
713.055,-11.42713292
713.193,-7.4717954
713.330,-31.54094594
713.467,-18.2673611
713.604,-16.38419383
713.741,-13.50874246
713.878,-12.49005493
714.016,-22.31354421
714.153,5.426672236
714.290,-14.85021814
714.427,-12.84110034
714.564,1.362062041
714.701,-34.22571834
714.838,-25.33784388
714.975,-7.543965419
715.113,-25.36692041
715.250,-34.79932736
715.387,-17.77317313
715.524,-6.906981738
715.661,-23.93912752
715.798,-17.67492164
715.935,-2.414864477
716.072,-22.0272385
716.209,-7.86238006
716.346,2.262062041
716.483,-17.4363685
716.620,-12.47492164
716.757,-28.16105979
716.894,-7.767206224
717.031,-15.1469734
717.168,12.60655791
717.305,-5.371770986
717.442,-22.52713292
717.579,-10.2394009
717.716,-12.38730787
717.853,-18.8900183
717.990,-15.97631133
718.127,-22.72569393
718.264,-22.94721015
718.401,-15.72413667
718.538,-15.25322612
718.675,-14.7179663
718.812,-12.10416549
718.949,-20.70118192
719.086,-21.78843664
719.223,-30.64866136
719.359,-34.69785198
719.496,-23.63613175
719.633,-24.26094154
719.770,-39.6286897
719.907,-2.985489925
720.044,-0.311880906
720.181,-23.16723064
720.318,-14.39472597
720.454,-11.52099212
720.591,-22.66095374
720.728,-23.2736131
720.865,-24.30712465
721.002,-2.634705194
721.139,-21.77161587
721.275,-30.56376987
721.412,-10.79927853
721.549,-16.65353587
721.686,-27.17007106
721.823,-10.5547829
721.959,-31.43181594
722.096,-15.24240864
722.233,-15.64251445
722.370,-21.06081084
722.506,-7.317680724
722.643,-5.888876851
722.780,-3.859384521
722.917,-36.88704718
723.053,-8.631945928
723.190,-21.54722236
723.327,-13.80543693
723.464,-5.497709306
723.600,-16.62885726
723.737,-31.39804347
723.874,-33.51782363
724.010,-7.102584298
724.147,-23.17802347
724.284,-26.1363685
724.420,-19.26236785
724.557,-25.12115358
724.694,-9.808730253
724.830,-21.75794576
724.967,-16.15938452
725.104,-21.26875079
725.240,-1.560904916
725.377,-5.99176658
725.514,-20.1516569
725.650,-1.365208634
725.787,-4.203879913
725.923,-7.81801513
726.060,-10.49333604
726.196,-21.23784388
726.333,-0.348816236
726.470,-8.511558946
726.606,-25.22242478
726.743,-21.9547829
726.879,-9.616278823
727.016,-8.002310689
727.152,-24.22240036
727.289,-18.4024658
727.425,-23.590459
727.562,-17.37004665
727.698,-24.35148958
727.835,-12.59331163
727.971,-2.905412515
728.108,-12.13641733
728.244,-20.87021421
728.381,-24.13011626
728.517,-42.31041797
728.654,-32.70573495
728.790,-22.27335218
728.927,-33.53955577
729.063,-7.816397317
729.200,-22.49485668
729.336,-19.02254327
729.473,-21.07605029
729.609,-20.03953136
729.745,-18.87636016
729.882,-11.65493778
730.018,-3.071640285
730.155,-27.03010405
730.291,-19.46875079
730.427,-26.2947626
730.564,0.687002532
730.700,-10.66533922
730.836,-20.36566118
730.973,-4.479604657
731.109,-22.97792915
731.246,-5.786916478
731.382,-21.4670389
731.518,-40.72713292
731.655,-4.641100343
731.791,-26.53936427
731.927,-20.43465637
732.063,-20.39019759
732.200,-10.11954797
732.336,-6.667218431
732.472,-6.807030567
732.609,-15.61154674
732.745,-14.92411226
732.881,-4.787022765
733.017,-9.693299421
733.154,-10.39329942
733.290,2.060729806
733.426,-30.83495439
733.562,-8.900741466
733.699,-14.52253106
733.835,-11.81170162
733.971,-2.270083268
734.107,-13.13950694
734.243,8.031391875
734.380,-24.80558008
734.516,-14.61329501
734.652,-18.26546992
734.788,-23.11157115
734.924,-13.31941751
735.061,-16.93953136
735.197,-11.00401061
735.333,-5.696295198
735.469,-10.20698174
735.605,-7.294762595
735.741,-10.31784805
735.877,-19.27778672
736.013,-38.90555566
736.150,-18.33955577
736.286,-24.6839207
736.422,-22.08874687
736.558,-9.337831672
736.694,-11.63770097
736.830,-27.3883185
736.966,-20.4270963
737.102,-19.32382692
737.238,-1.408408292
737.374,-9.18704718
737.510,-15.6915995
737.646,-14.70242918
737.782,-13.11470936
737.918,-22.77931908
738.054,-24.35323833
738.190,-15.31627882
738.326,-36.54252666
738.462,-7.506708487
738.598,-3.877737888
738.734,-5.051644691
738.870,-6.9499693
739.006,4.479144208
739.142,-18.94107593
739.278,-8.793180927
739.414,-8.250087436
739.550,-15.60074147
739.686,-22.90402282
739.822,-13.13625
739.958,-40.89801906
740.094,-17.89775813
740.230,-20.03479904
740.366,-21.8270963
740.502,-30.06864475
740.638,-12.93011626
740.773,-18.49302617
740.909,-20.9515384
741.045,-25.93309959
741.181,-17.79171775
741.317,-12.50688778
741.453,-18.94992047
741.589,-13.67775009
741.725,-3.905318673
741.860,-27.73784388
741.996,-8.349920472
742.132,0.231379668
742.268,-13.07332776
742.404,-20.00242918
742.539,-31.95795797
742.675,-21.96865695
742.811,2.379038397
742.947,-4.034692987
743.083,-16.24264587
743.218,-12.06081084
743.354,-25.64536756
743.490,-25.38844884
743.626,-17.77475456
743.761,-19.97305463
743.897,-19.38691648
744.033,-7.460798629
744.169,-18.73452602
744.304,-19.07192634
744.440,-17.17306684
744.576,-15.44853042
744.711,-42.50559228
744.847,-11.69499935
744.983,-29.69315651
745.118,-25.23155478
745.254,-17.75336879
745.390,-23.54394101
745.525,-21.72728732
745.661,-32.41185649
745.797,-29.04863695
745.932,-11.30714906
746.068,-31.06079863
746.204,-26.36236785
746.339,-10.45307101
746.475,-22.56418603
746.611,-6.184027227
746.746,-2.801157506
746.882,-36.91784805
747.017,-16.31330722
747.153,-31.96990398
747.288,-8.973364385
747.424,-29.51158336
747.560,-11.11298526
747.695,-15.92852238
747.831,-10.0961767
747.966,-21.90555566
748.102,-5.839090904
748.237,-23.65135905
748.373,-17.75790914
748.508,-26.80542472
748.644,-20.39302617
748.779,3.729953353
748.915,-10.86850184
749.050,-15.55321391
749.186,-8.184051641
749.321,-24.6961645
749.457,2.503859917
749.592,-11.19931515
749.728,-21.47944978
749.863,-9.294713767
749.999,-15.88860396
750.134,-11.20410188
750.269,-20.00157789
750.405,-18.49899286
750.540,-2.096419795
750.676,-22.29385918
750.811,-27.19129904
750.946,3.111261574
751.082,-38.18621419
751.217,-17.08362916
751.353,-26.78105634
751.488,-17.97850793
751.623,-10.9759229
751.759,-10.27336229
751.894,-9.470813878
752.029,-9.968241056
752.165,-9.765717061
752.300,-14.76311982
752.435,-24.86059583
752.571,-11.15802301
752.706,-38.45548657
752.841,-6.652889331
752.977,-13.55032872
753.112,-14.94778031
753.247,-5.945244106
753.382,-16.44268349
753.518,-26.04007405
753.653,-5.837550052
753.788,-21.23498944
753.924,-27.7323922
754.059,-12.22984379
754.194,-12.02729538
754.329,-1.824746736
754.464,-20.12219833
754.600,-17.81963771
754.735,-30.41702827
754.870,-22.61450427
755.005,-26.51193145
755.140,-7.80939525
755.276,-14.60681022
755.411,-12.8042496
755.546,-30.90168899
755.681,-16.39910396
755.816,-17.29657386
755.952,-18.29400714
756.087,-1.391434081
756.222,-12.98891009
756.357,-10.98634947
756.492,-18.58377665
756.627,-20.78117941
756.762,-21.47865542
756.897,-17.97610701
757.032,-37.67354639
757.168,-13.67097357
757.303,-6.568400749
757.438,-19.36581572
757.573,-17.66330393
757.708,-14.26071866
757.843,-14.15813363
757.978,-0.955579122
758.113,-1.453036817
758.248,-18.25048841
758.383,-22.54792779
758.518,-7.745367177
758.653,-26.44280656
758.788,-6.740258153
758.923,-14.03766092
759.058,-7.035136922
759.193,-9.532527479
759.328,-25.33001545
759.463,-12.42740601
759.598,-17.42486981
759.733,-24.92230919
759.868,-30.61974858
760.003,-15.71716379
760.138,-24.21463979
760.273,-6.012054761
760.408,-12.30953077
760.543,-12.60697015
760.678,-14.10440954
760.813,-37.20184892
760.947,-25.69926389
761.082,-22.99671548
761.217,-37.69413045
761.352,-20.79158204
761.487,-34.48899678
761.622,-11.38646057
761.757,-17.78387554
761.892,-19.68135155
762.026,-26.57879093
762.161,-6.176205905
762.296,-26.07364529
762.431,-10.57107247
762.566,-20.46851185
762.701,-29.56596344
762.835,-16.96340283
762.970,-18.06087883
763.105,-20.85826915
763.240,-3.155720743
763.375,-26.15317233
763.509,-11.75059951
763.644,-17.24802669
763.779,-8.845502694
763.914,3.957088439
764.048,-8.640381463
764.183,-18.23779643
764.318,-15.23524803
764.453,-8.032675203
764.587,-17.23010238
764.722,-14.72755373
764.857,-23.52502974
764.991,-24.32244471
765.126,-7.319884094
765.261,-22.11733569
765.396,-7.114738448
765.530,-35.81217783
765.665,-30.60961722
765.800,-19.50708102
765.934,-21.50450819
766.069,-17.20197199
766.204,-22.69938696
766.338,-14.79686273
766.473,-23.39428991
766.607,-12.19172929
766.742,-21.78915647
766.877,-43.98662027
767.011,-35.88401082
767.146,-7.481450208
767.280,-4.678889592
767.415,-7.476328977
767.550,-33.87376836
767.684,-26.17120775
767.819,-5.368671544
767.953,-31.36608628
768.088,-27.46357449
768.222,-20.66098946
768.357,-12.45844105
768.491,-4.955856021
768.626,-15.55333203
768.760,-21.2507592
768.895,-32.94817417
769.029,-15.64561356
769.164,-4.843053182
769.298,-6.940504773
769.433,0.762068049
769.567,2.864604251
769.702,-16.23282293
769.836,1.169713275
769.971,-15.5277017
770.105,-20.72516526
770.240,-12.32255581
770.374,-4.220007404
770.509,3.982553212
770.643,-13.91488617
770.777,-12.31236218
770.912,-16.50977715
771.046,-22.10719212
771.181,-29.70468033
771.315,-24.10207089
771.449,-40.4995591
771.584,-11.69694966
771.718,-23.59443763
771.852,-14.19186481
771.987,-30.08927978
772.121,-23.38674358
772.256,-17.38415855
772.390,-23.18159793
772.524,-34.07904952
772.659,-32.67651332
772.793,-28.5739405
772.927,-15.57136768
773.061,-30.06878265
773.196,-34.26623424
773.330,-17.66371024
773.464,-17.46112498
773.599,-19.35855215
773.733,-19.25600375
773.867,-7.853455337
774.001,-18.75090693
774.136,-23.34834631
774.270,-28.94577349
774.404,-29.74320067
774.538,-34.14066447
774.673,-40.03807944
774.807,-19.23554324
774.941,-33.13297041
775.075,-16.53038514
775.209,-44.12784894
775.344,-34.02526391
775.478,-18.8227155
775.612,-13.62013048
775.746,-11.71759427
775.880,-14.41503366
776.014,-37.11249746
776.148,-33.60993684
776.283,-35.40736402
776.417,-5.704766782
776.551,-16.20220617
776.685,-33.09964531
776.819,-21.09713353
776.953,-17.0945485
777.087,-28.19198788
777.221,-5.189415058
777.355,-10.88686665
777.490,-32.68433045
777.624,-18.58173321
777.758,-21.7791726
777.892,-9.276599773
778.026,-14.17408799
778.160,-25.57151516
778.294,-17.36896699
778.428,-45.36638196
778.562,-25.36379693
778.696,-23.76128515
778.830,-25.05869988
778.964,-37.75612706
779.098,-14.75360306
779.232,-29.65099362
779.366,-23.24848183
779.500,-19.44592121
779.634,-24.14334839
779.768,-21.24078778
779.902,-21.13822716
780.036,-29.53562992
780.170,-21.13306931
780.304,-16.03050869
780.438,-18.72798446
780.571,-34.02543605
780.705,-21.52283882
780.839,-30.02031482
780.973,-27.817742
781.107,-27.61519359
781.241,-20.71263297
781.375,-16.81007236
781.509,-29.20751174
781.643,-21.8049023
781.776,-27.70235389
781.910,-17.59979328
782.044,-22.19725684
782.178,-25.39470843
782.312,-35.09211119
782.446,-26.0895872
782.579,-31.88702658
782.713,-14.38446596
782.847,-27.68190535
782.981,-27.37934473
783.115,-31.0767475
783.248,-28.6742113
783.382,-20.17161406
783.516,-32.86909006
783.650,-26.46649259
783.783,-36.66396859
783.917,-37.56140798
784.051,-33.25882295
784.185,-40.25626233
784.318,-26.15371393
784.452,-32.55117772
784.586,-26.84859269
784.720,-28.24603208
784.853,-17.34347146
784.987,-29.94093526
785.121,-35.23833803
785.254,-26.63577741
785.388,-44.63324097
785.522,-15.03065594
785.655,-14.62810753
785.789,-20.92555912
785.923,-49.82296189
786.056,-29.6204501
786.190,-44.71787728
786.324,-32.71530445
786.457,-36.51274384
786.591,-23.51019543
786.724,-26.00763481
786.858,-19.20506199
786.992,-30.10250114
787.125,-36.09991611
787.259,-49.89740432
787.392,-31.59480732
787.526,-20.89224671
787.659,-33.78968609
787.793,-35.08713768
787.927,-34.38456486
788.060,-20.28204087
788.194,-33.17948025
788.327,-24.57690743
788.461,-39.07433461
788.594,-38.07176178
788.728,-29.16918896
788.861,-32.26666497
788.995,-28.06410411
789.128,-22.46150688
789.262,-31.95899509
789.395,-40.75639785
789.529,-27.45384944
789.662,-30.75126441
789.795,-28.14875263
789.929,-14.04614318
790.062,-31.94360698
790.196,-34.34105857
790.329,-34.13848575
790.463,-27.43592513
790.596,-37.13337673
790.729,-28.13080366
790.863,-25.12826746
790.996,-51.52570685
791.130,-19.12314623
791.263,-13.22053679
791.396,-32.81798838
791.530,-30.71542776
791.663,-19.41286715
791.796,-35.21029433
791.930,-19.80775812
792.063,-29.7051731
792.196,-25.90261248
792.330,-39.10010045
792.463,-34.19752763
792.596,-45.59497922
792.730,-43.9924064
792.863,-33.18982137
792.996,-30.78727296
793.129,-42.38470014
793.263,-27.48213952
793.396,-22.6795667
793.529,-31.5770305
793.662,-46.37448209
793.796,-30.47193368
793.929,-25.36934841
794.062,-36.76680001
794.195,-40.4642516
794.329,-35.86169098
794.462,-21.95908154
794.595,-19.15652092
794.728,-45.95398472
794.861,-34.25139969
794.995,-30.2488879
795.128,-34.24630287
795.261,-31.64374226
795.394,-35.04120606
795.527,-46.4386452
795.660,-30.63607238
795.793,-34.33348735
795.927,-38.93091453
796.060,-29.92840274
796.193,-37.82581771
796.326,-27.42323268
796.459,-33.52072113
796.592,-61.41811169
796.725,-44.71555107
796.858,-30.51302708
796.991,-34.11042984
797.124,-34.10789364
797.257,-35.40533303
797.391,-22.10278462
797.524,-19.200224
797.657,-44.19766315
797.790,-25.39509033
797.923,-31.79252971
798.056,-38.78996909
798.189,-23.08740848
798.322,-40.08484786
798.455,-28.28228725
798.588,-23.27973884
798.721,-32.37715381
798.854,-39.37461761
798.987,-19.37202037
799.120,-34.16949638
799.253,-29.76694773
799.386,-18.66435049
799.518,-32.6618265
799.651,-31.35925368
799.784,-24.65670527
799.917,-28.75413245
800.050,-50.65157183
800.183,-47.3489868
800.316,-33.84646281
800.449,-43.54388998
800.582,-31.24134157
800.715,-33.13876875
800.847,-18.83622011
800.980,-44.23365949
801.113,-42.13109887
801.246,-46.52850164
801.379,-21.12595323
801.512,-61.62339261
801.645,-25.12081979
801.777,-48.71827138
801.910,-43.11573518
802.043,-21.41313794
802.176,-46.61057733
802.309,-38.70804113
802.441,-46.70548051
802.574,-45.40290745
802.707,-26.60032242
802.840,-34.69778622
802.973,-38.89520119
803.105,-39.8926772
803.238,-35.2900924
803.371,-27.68753179
803.503,-29.28495897
803.636,-39.88241032
803.769,-46.6798375
803.902,-34.97727688
804.034,-38.77475289
804.167,-37.47216786
804.300,-33.66964386
804.432,-20.66705883
804.565,-46.7644738
804.698,-43.96191319
804.830,-21.85937699
804.963,-34.65679196
805.096,-21.45425576
805.228,-33.15171932
805.361,-31.64913429
805.494,-38.14659808
805.626,-38.64402526
805.759,-33.14147685
805.892,-34.23887962
806.024,-30.43633121
806.157,-38.53375839
806.289,-34.73118556
806.422,-35.92863715
806.554,-31.52607654
806.687,-34.72351592
806.820,-42.42094286
806.952,-24.81838225
807.085,-15.31582163
807.217,-39.01329764
807.350,-42.61074923
807.482,-44.20818861
807.615,-26.60559138
807.747,-32.30304321
807.880,-27.00045794
808.012,-20.99790343
808.145,-34.39533671
808.277,-37.49277609
808.410,-31.7902521
808.542,-29.18765486
808.675,-19.58509425
808.807,-41.78258246
808.940,-41.47998522
809.072,-41.27742461
809.204,-50.3748884
809.337,-37.37231558
809.469,-39.06974252
809.602,-42.86718191
809.734,-37.96460908
809.866,-49.5620973
809.999,-48.25948785
810.131,-29.05696386
810.264,-36.45439103
810.396,-34.551806
810.528,-36.04928201
810.661,-36.94669698
810.793,-49.04417299
810.925,-44.44161237
811.058,-45.3390271
811.190,-49.33646649
811.322,-33.43390587
811.455,-34.03136967
811.587,-35.72877243
811.719,-55.02623623
811.852,-36.12368782
811.984,-40.52107838
812.116,-38.61854218
812.248,-28.31599377
812.381,-22.01342095
812.513,-41.71084812
812.645,-44.60828751
812.777,-30.10571469
812.910,-30.8032029
813.042,-32.90064228
813.174,-23.49804505
813.306,-47.09549664
813.439,-42.79291161
813.571,-46.49038761
813.703,-40.28781455
813.835,-34.38522952
813.967,-46.38271774
814.100,-42.08015712
814.232,-43.17759651
814.364,-33.67499927
814.496,-49.77243865
814.628,-37.16990245
814.760,-20.46732963
814.892,-40.5647446
815.025,-45.76219619
815.157,-41.75965999
815.289,-21.05711134
815.421,-44.05452631
815.553,-43.85194128
815.685,-53.84938067
815.817,-35.44682005
815.949,-41.64430827
816.081,-35.54169882
816.213,-45.43917483
816.345,-37.4365898
816.477,-32.13402918
816.609,-32.53149298
816.741,-36.72889574
816.873,-45.22634734
817.006,-54.32378672
817.138,-49.9212139
817.270,-49.41870211
817.402,-39.81611708
817.534,-41.51354426
817.665,-38.71095923
817.797,-44.30842303
817.929,-28.90587462
818.061,-31.80330156
818.193,-41.20075315
818.325,-51.39818033
818.457,-46.1956075
818.589,-49.89308351
818.721,-45.09048627
818.853,-41.08793786
818.985,-35.18538946
819.117,-35.28281663
819.249,-44.28028043
819.381,-31.87771982
819.512,-42.57517141
819.644,-44.57256172
819.776,-55.97002552
819.908,-64.06748932
820.040,-16.8649165
820.172,-33.66233147
820.304,-35.35978306
820.435,-37.85721024
820.567,-36.35464962
820.699,-31.35208901
820.831,-36.0495406
820.963,-40.94699219
821.095,-46.94440716
821.226,-24.54188293
821.358,-32.83931034
821.490,-26.73672531
821.622,-15.13417691
821.753,-37.13160408
821.885,-25.72901905
822.017,-28.02651947
822.149,-37.02394665
822.280,-39.5213858
822.412,-33.71878856
822.544,-32.31624015
822.676,-30.91367954
822.807,-35.71110671
822.939,-38.90859493
823.071,-42.90599769
823.202,-24.90342487
823.334,-32.80090087
823.466,-47.09832805
823.597,-36.59574302
823.729,-22.59323123
823.861,-36.19067038
823.992,-30.78808535
824.124,-29.28554915
824.256,-38.08298853
824.387,-31.3803913
824.519,-47.77784289
824.650,-31.87529448
824.782,-39.77272166
824.914,-21.67014883
825.045,-43.26757601
825.177,-35.16506422
825.308,-36.46245478
825.440,-35.05989393
825.571,-27.75735772
825.703,-29.35480932
825.834,-18.75223673
825.966,-35.34968832
826.098,-28.14715212
826.229,-33.84455489
826.361,-36.74201868
826.492,-55.039409
826.624,-30.33689721
826.755,-41.43432439
826.887,-35.53173936
827.018,-17.62921537
827.149,-30.42664255
827.281,-24.12404531
827.412,-42.22150911
827.544,-40.11894849
827.675,-38.31637567
827.807,-48.21381505
827.938,-30.71125444
828.070,-34.50869358
828.201,-33.30615738
828.332,-34.70358456
828.464,-45.90102394
828.595,-52.99845112
828.727,-47.39590271
828.858,-33.09331768
828.989,-45.09075707
829.121,-40.78822087
829.252,-20.88564804
829.383,-33.18309964
829.515,-32.58053902
829.646,-32.37797817
829.777,-35.57544196
829.909,-37.37284473
830.040,-52.07032073
830.171,-30.46771129
830.303,-43.66513871
830.434,-37.56263913
830.565,-24.86007851
830.696,-36.05751766
830.828,-51.65495704
830.959,-32.8523598
831.090,-31.34983581
831.221,-58.04726299
831.353,-25.24469016
831.484,-35.94211734
831.615,-23.13959335
831.746,-31.83700832
831.878,-24.93443549
832.009,-47.2319115
832.140,-37.82933868
832.271,-36.72676586
832.402,-21.02422942
832.534,-44.72163218
832.665,-22.81907156
832.796,-19.81651095
832.927,-30.91393812
833.058,-30.71142634
833.189,-41.90881689
833.320,-35.9062929
833.452,-42.40373228
833.583,-50.80118376
833.714,-33.89859873
833.845,-57.39603811
833.976,-27.8934897
834.107,-25.19089247
834.238,-36.58836847
834.369,-55.78577112
834.500,-17.88317388
834.631,-14.98069871
834.762,-27.37813822
834.893,-21.07554098
835.024,-33.57298036
835.156,-41.57040754
835.287,-39.36787134
835.418,-27.2652984
835.549,-34.86272558
835.680,-42.56017717
835.811,-25.15761655
835.942,-53.45509256
836.073,-36.25248311
836.204,-33.349959
836.334,-30.84739838
836.465,-36.24481335
836.596,-31.74228936
836.727,-13.73967992
836.858,-30.43714372
836.989,-21.43458298
837.120,-30.33204678
837.251,-41.22947396
837.382,-41.02688893
837.513,-22.32436493
837.644,-43.12180432
837.775,-39.51923138
837.906,-25.91668297
838.036,-23.11409794
838.167,-26.81151291
838.298,-27.60895229
838.429,-38.40639168
838.560,-28.50384315
838.691,-28.40125812
838.821,-28.49873412
838.952,-39.19619792
839.083,-49.2936251
839.214,-42.29107681
839.345,-34.68847957
839.475,-48.28590675
839.606,-44.78335822
839.737,-49.28079761
839.868,-35.5782492
839.999,-43.875713
840.129,-27.87315238
840.260,-41.27059177
840.391,-37.66801883
840.522,-32.16542159
840.652,-49.96286097
840.783,-48.46032477
840.914,-40.85777636
841.044,-23.15517913
841.175,-26.35264281
841.306,-27.3501066
841.437,-28.34752158
841.567,-34.64497317
841.698,-33.34240034
841.829,-31.53983973
841.959,-32.53727899
842.090,-39.43474279
842.220,-42.93216997
842.351,-44.82959715
842.482,-39.32706095
842.612,-50.82448812
842.743,-29.32189077
842.874,-40.31929353
843.004,-33.41679395
843.135,-41.31425775
843.265,-34.01168493
843.396,-48.30912431
843.526,-36.10653916
843.657,-59.60401541
843.788,-40.50140584
843.918,-25.79884523
844.049,-44.09629682
844.179,-46.8937362
844.310,-33.19116338
844.440,-13.88860277
844.571,-51.98607865
844.701,-43.78351804
844.832,-49.88094521
844.962,-38.07836018
845.093,-35.37579957
845.223,-44.47323895
845.354,-35.47067822
845.484,-28.06815422
845.615,-33.46560582
845.745,-31.76299637
845.875,-43.36044796
846.006,-29.55787514
846.136,-43.05531452
846.267,-52.4527782
846.397,-14.3502298
846.528,-34.94768139
846.658,-32.74508415
846.788,-25.64253574
846.919,-43.63998733
847.049,-29.1374266
847.179,-23.93485378
847.310,-17.73226875
847.440,-46.42974475
847.570,-35.72715972
847.701,-35.92461131
847.831,-26.82203837
847.961,-54.51947776
848.092,-35.71691726
848.222,-43.51435664
848.352,-41.21178382
848.483,-26.90927203
848.613,-36.6066748
848.743,-43.4041386
848.873,-24.00156566
849.004,-28.19899283
849.134,-45.79642001
849.264,-46.0938716
849.394,-13.39131099
849.525,-28.58875037
849.655,-37.58622626
849.785,-45.98361681
849.915,-45.08109282
850.046,-42.3785322
850.176,-39.77595938
850.306,-36.57337435
850.436,-47.67086244
850.566,-27.26830183
850.696,-43.06572901
850.827,-36.26313177
850.957,-37.26058336
851.087,-42.75805937
851.217,-43.1554376
851.347,-24.05292581
851.477,-37.35032857
851.607,-48.64779237
851.738,-30.94521955
851.868,-39.24265893
851.998,-52.04011041
852.128,-39.53753758
852.258,-43.23496476
852.388,-42.83241635
852.518,-52.12989248
852.648,-32.62731965
852.778,-29.32472242
852.908,-32.42221063
853.038,-24.2196499
853.168,-32.31706487
853.298,-56.71451646
853.428,-31.71193143
853.558,-40.90937081
853.688,-41.40683461
853.818,-30.40424946
853.948,-32.70167664
854.078,-51.89911602
854.208,-26.99655541
854.338,-19.19404362
854.468,-43.49145859
854.598,-38.68891006
854.728,-41.48632503
854.858,-30.58377662
854.988,-47.9811916
855.118,-35.97867981
855.248,-33.97608257
855.378,-18.77349742
855.507,-45.57099784
855.637,-29.06843723
855.767,-41.66587661
855.897,-22.763316
856.027,-15.16074317
856.157,-32.65819465
856.287,-22.25560962
856.417,-24.95307341
856.546,-30.65046397
856.676,-16.24791556
856.806,-32.74535495
856.936,-18.44279445
857.066,-24.34023994
857.195,-37.0376731
857.325,-22.13510028
857.455,-39.43256408
857.585,-23.43002787
857.715,-23.22744284
857.844,-41.62487002
857.974,-44.42232149
858.104,-33.11974867
858.234,-35.91720026
858.363,-25.51462744
858.493,-28.21209124
858.623,-37.60954283
858.752,-47.50695768
858.882,-30.60439707
859.012,-39.30181204
859.142,-29.19930025
859.271,-35.89671522
859.401,-46.89413019
859.531,-39.29160608
859.660,-31.48902105
859.790,-35.48649705
859.919,-26.18388761
860.049,-42.18135141
860.179,-40.57877858
860.308,-41.97623018
860.438,-29.07369386
860.568,-47.57112103
860.697,-34.868536
860.827,-31.46598759
860.956,-28.96341477
861.086,-34.96087857
861.216,-36.75831784
861.345,-25.35573293
861.475,-40.55319672
861.604,-25.45064832
861.734,-33.24803887
861.863,-36.74549046
861.993,-21.14296647
862.122,-47.14038132
862.252,-26.23784512
862.381,-42.33526009
862.511,-36.03267506
862.640,-36.23012665
862.770,-44.52759045
862.899,-33.32499321
863.029,-42.9224691
863.158,-44.41988407
863.288,-26.11731125
863.417,-34.81476284
863.547,-42.31223884
863.676,-27.40969044
863.805,-53.00711749
863.935,-37.90450805
864.064,-29.30197185
864.194,-51.39941123
864.323,-30.59683841
864.452,-28.0942778
864.582,-29.29172927
864.711,-26.18915644
864.840,-40.88658362
864.970,-47.28402301
865.099,-34.08146239
865.229,-51.97891398
865.358,-18.27635325
865.487,-48.37382925
865.616,-40.37121981
865.746,-31.06868373
865.875,-32.06611091
866.004,-24.4635625
866.134,-35.36098967
866.263,-30.05846568
866.392,-28.85589274
866.522,-43.05330771
866.651,-24.95078371
866.780,-11.14821089
866.909,-27.24562586
867.038,-47.34307745
867.168,-38.44051672
867.297,-45.13793169
867.426,-32.03537107
867.555,-22.93285929
867.685,-23.13024984
867.814,-20.92767702
867.943,-25.42516511
868.072,-26.2226167
868.201,-39.52003167
868.330,-36.21745885
868.460,-21.91489824
868.589,-33.11234983
868.718,-34.40981351
868.847,-24.20724068
868.976,-38.80465566
869.105,-38.70209516
869.234,-45.29953442
869.363,-17.39699822
869.493,-20.99444981
869.622,-35.59184037
869.751,-28.48930417
869.880,-25.28676797
870.009,-26.58418282
870.138,-32.38163441
870.267,-41.57904938
870.396,-11.97647656
870.525,-20.67395256
870.654,-39.17136753
870.783,-27.96881901
870.912,-34.76625839
871.041,-50.46369778
871.170,-32.06111275
871.299,-33.55858875
871.428,-37.65602814
871.557,-35.4534309
871.686,-43.75088249
871.815,-27.14830967
871.944,-32.14576126
872.073,-25.34323715
872.202,-32.04066432
872.331,-22.73806709
872.460,-37.73553089
872.589,-22.73298248
872.717,-30.93038524
872.846,-27.82787333
872.975,-35.72526389
873.104,-38.12271548
873.233,-45.62019149
873.362,-32.11763087
873.491,-24.81507026
873.620,-28.81248523
873.748,-58.50992461
873.877,-13.50738841
874.006,-32.50480338
874.135,-24.00223044
874.264,-35.19970644
874.393,-13.597097
874.521,-28.39453638
874.650,-45.69198798
874.779,-21.28945177
874.908,-23.98689104
875.037,-34.8842938
875.165,-29.18178202
875.294,-44.17920919
875.423,-35.67661196
875.552,-42.97410017
875.680,-38.27149072
875.809,-23.16895452
875.938,-40.5663817
876.066,-36.96379667
876.195,-37.76126047
876.324,-25.65873636
876.453,-34.55613912
876.581,-24.1535663
876.710,-42.05105451
876.839,-32.64845727
876.967,-19.44588445
877.096,-42.04336034
877.225,-28.04078751
877.353,-45.93821469
877.482,-21.0356907
877.610,-37.43310567
877.739,-33.33054505
877.868,-39.32800885
877.996,-36.42539941
878.125,-24.52288762
878.253,-22.520327
878.382,-33.31776627
878.511,-36.01520565
878.639,-37.21260842
878.768,-45.31006001
878.896,-30.8075116
879.025,-36.90496319
879.153,-38.40236584
879.282,-28.89984184
879.410,-28.29726902
879.539,-37.69468399
879.667,-24.19214779
879.796,-24.98955055
879.924,-41.08700202
880.053,-41.48446594
880.181,-7.181880911
880.310,-37.07935692
880.438,-40.67678397
880.567,-28.47422336
880.695,-33.77162612
880.824,-26.26910213
880.952,-32.46652931
881.080,-28.0639809
881.209,-20.56143237
881.337,-29.75884734
881.466,-41.95629893
881.594,-25.65373832
881.722,-17.65116549
881.851,-45.54859267
881.979,-33.34606856
882.107,-17.54348353
882.236,-36.84091082
882.364,-48.338338
882.492,-36.93580168
882.621,-20.73322886
882.749,-29.23068045
882.877,-41.12811983
883.006,-52.02558363
883.134,-35.2229864
883.262,-18.42045008
883.391,-33.91787725
883.519,-29.71531664
883.647,-26.41278044
883.775,-25.41017099
883.904,-44.10765915
884.032,-28.5050497
884.160,-33.10252571
884.288,-25.2999162
884.417,-18.09740448
884.545,-37.29483165
884.673,-31.99229545
884.801,-37.08969816
884.929,-28.28716195
885.058,-21.28460134
885.186,-36.58202846
885.314,-37.17946784
885.442,-34.67693164
885.570,-20.07433434
885.698,-33.77178593
885.827,-29.86922532
885.955,-37.36667685
886.083,-29.26410403
886.211,-20.66154341
886.339,-30.85898274
886.467,-21.55642212
886.595,-21.05383715
886.723,-29.95130095
886.851,-50.84875248
886.979,-41.44615525
887.108,-22.54363125
887.236,-29.34107058
887.364,-25.13852217
887.492,-4.635937138
887.620,-31.33337646
887.748,-14.53082805
887.876,-40.62825523
888.004,-40.82570676
888.132,-43.42312173
888.260,-40.52059774
888.388,-16.21797603
888.516,-27.71543983
888.644,-59.31289142
888.772,-26.41030645
888.900,-34.60777019
889.028,-28.10519737
889.155,-31.00262454
889.283,-41.0001127
889.411,-48.49750325
889.539,-48.99496705
889.667,-28.59240638
889.795,-29.68985797
889.923,-30.68729735
890.051,-28.18471226
890.179,-37.18218827
890.307,-29.97962765
890.434,-45.07706698
890.562,-36.07446974
890.690,-23.67193354
890.818,-43.76938507
890.946,-36.36682452
891.074,-32.36423949
891.202,-17.86166666
891.329,-30.95910599
891.457,-30.25658199
891.585,-34.85402138
891.713,-37.55141188
891.840,-38.24886347
891.968,-25.04629064
892.096,-23.0437788
892.224,-8.041205974
892.352,-32.23863315
892.479,-22.83603586
892.607,-41.63349965
892.735,-37.13097566
892.862,-32.62840278
892.990,-32.52582995
893.118,-40.72329381
893.246,-33.92069658
893.373,-37.11814811
893.501,-33.71558749
893.629,-27.91300246
893.756,-18.31047841
893.884,-32.30788117
894.012,-32.30534497
894.139,-46.0027843
894.267,-38.10024809
894.395,-27.79765086
894.522,-39.19510239
894.650,-27.39252957
894.777,-26.58998116
894.905,-32.68743269
895.033,-33.18483545
895.160,-17.58229925
895.288,-24.3797387
895.415,-20.97716581
895.543,-32.67461741
895.670,-26.97204458
895.798,-41.46952053
895.925,-29.9669355
896.053,-43.2643993
896.181,-43.56178979
896.308,-31.55925359
896.436,-41.35670518
896.563,-3.554071267
896.691,-46.3515961
896.818,-38.74899886
896.945,-46.84642604
897.073,-17.14390199
897.200,-39.64130475
897.328,-41.33876855
897.455,-29.03622014
897.583,-29.73365953
897.710,-34.43111112
897.838,-33.72851382
897.965,-23.12597762
898.092,-20.02338038
898.220,-36.52084418
898.347,-13.4182713
898.475,-19.9157473
898.602,-9.813186689
898.729,-29.01057719
898.857,-29.20804098
898.984,-35.20545595
899.111,-23.3029319
899.239,-47.40037129
899.366,-26.49777405
899.493,-15.29524999
899.621,-26.29265282
899.748,-36.59012882
899.875,-32.08753159
900.003,-36.98498312
900.130,-28.9824225
900.257,-59.77989851
900.384,-42.37730121
900.512,-25.77472839
900.639,-12.77213115
900.766,-34.4696071
900.893,-32.66705869
901.021,-27.26451028
901.148,-30.16197402
901.275,-33.35940126
901.402,-33.55682838
901.529,-31.65429217
901.657,-36.35171935
901.784,-52.04915868
901.911,-43.14661027
902.038,-19.64401303
902.165,-17.74144015
902.293,-28.23888564
902.420,-17.93634333
902.547,-35.73377051
902.674,-32.0312221
902.801,-22.52863701
902.928,-40.82612522
903.055,-35.12356461
903.182,-33.42099173
903.309,-15.01844332
903.437,-40.21585829
903.564,-45.31328547
903.691,-25.11071264
903.818,-46.70815197
903.945,-29.90559135
904.072,-26.70305515
904.199,-19.70048227
904.326,-25.89790945
904.453,-32.79539766
904.580,-35.89278822
904.707,-31.09021539
904.834,-37.48766692
904.961,-32.28515514
905.088,-39.48257011
905.215,-31.68002164
905.342,-25.37746102
905.469,-53.7748882
905.596,-15.172352
905.723,-33.66977918
905.850,-27.6672185
905.977,-33.06465789
906.104,-30.36206065
906.230,-15.2595366
906.357,-39.65698819
906.484,-23.05439095
906.611,-26.85181807
906.738,-21.14929413
906.865,-43.34672125
906.992,-35.34413622
907.119,-28.34162443
907.245,-19.03906376
907.372,-37.93645432
907.499,-35.1338937
907.626,-43.03135744
907.753,-26.12879688
907.880,-19.52624842
908.006,-43.1236878
908.133,-22.22113939
908.260,-30.21856651
908.387,-39.81600589
908.514,-23.81342086
908.640,-32.21086022
908.767,-31.80832399
908.894,-18.00577561
909.021,-33.70319055
909.147,-45.10061773
909.274,-37.79805708
909.401,-30.29550864
909.527,-38.39292361
909.654,-15.1904118
909.781,-25.58785115
909.908,-25.08526615
910.034,-26.3826933
910.161,-38.48014489
910.288,-24.67758424
910.414,-24.47503581
910.541,-30.07245078
910.667,-26.26989013
910.794,-18.1673539
910.921,-16.16479328
911.047,-33.96219605
911.174,-29.35967205
911.301,-21.2570992
911.427,-32.65453856
911.554,-25.25197794
911.680,-37.24940509
911.807,-26.34683224
911.933,-20.34429603
912.060,-27.44175983
912.187,-38.03915039
912.313,-38.73662636
912.440,-21.83406572
912.566,-31.9314929
912.693,-40.52894446
912.819,-29.42631057
912.946,-37.52378658
913.072,-33.62125035
913.199,-17.11870197
913.325,-34.81614132
913.452,-28.21354405
913.578,-36.31103227
913.705,-46.70847162
913.831,-49.30587436
913.957,-48.00331374
914.084,-19.10077751
914.210,-40.89820472
914.337,-38.09565628
914.463,-35.99310784
914.590,-13.49053502
914.716,-34.68794996
914.842,-41.38541373
914.969,-33.08281649
915.095,-33.38026805
915.221,-26.97771964
915.348,-27.27513461
915.474,-37.37257397
915.600,-44.17001335
915.727,-34.96745271
915.853,-44.26489209
915.979,-33.26235586
916.106,-19.8597708
916.232,-36.75725901
916.358,-25.3546984
916.485,-23.65213778
916.611,-39.84957714
916.737,-37.64696766
916.863,-18.34446808
916.990,-37.74185861
917.116,-39.03933459
917.242,-25.03672514
917.368,-39.13417673
917.495,-31.9316405
917.621,-24.32906765
917.747,-30.52653145
917.873,-48.22393421
917.999,-34.72138577
918.126,-43.91884954
918.252,-10.51625231
918.378,-19.51369169
918.504,-26.81114325
918.630,-44.4085704
918.756,5.393965803
918.882,-25.80346137
919.009,-38.00090073
919.135,-38.79831567
919.261,-24.29577947
919.387,-29.99320665
919.513,-35.39067041
919.639,-25.58807315
919.765,-24.18551253
919.891,-31.48297633
920.017,-32.18039127
920.143,-26.87784283
920.269,-21.17528222
920.396,-23.9727216
920.522,-31.87016096
920.648,-37.96761252
920.774,-34.66507632
920.900,-27.86252788
921.026,-24.95991844
921.152,-39.8573578
921.278,-32.15478497
921.404,-35.95226094
921.530,-35.94966371
921.655,-40.44710308
921.781,-33.44456686
921.907,-32.24203063
922.033,-56.13947001
922.159,-26.83687276
922.285,-28.63429992
922.411,-36.53176369
922.537,-33.42922749
922.663,-20.72663024
922.789,-24.62409402
922.915,-34.12153338
923.041,-39.51893613
923.166,-42.21637551
923.292,-26.61382709
923.418,-38.81127865
923.544,-41.10874243
923.670,-31.6061574
923.796,-41.20359677
923.921,-26.40103613
924.047,-26.69849991
924.173,-23.59589047
924.299,-31.89335425
924.425,-41.89078141
924.550,-44.08820856
924.676,-43.28564795
924.802,-34.08312394
924.928,-48.38058772
925.053,-38.17797825
925.179,-38.77540542
925.305,-32.97284478
925.431,-34.67032078
925.556,-35.46773572
925.682,-41.4651629
925.808,-37.36260226
925.934,-55.96006606
926.059,-38.85751762
926.185,-43.054957
926.311,-37.05240856
926.436,-51.94984795
926.562,-17.74725068
926.688,-12.84471448
926.813,-31.44214163
926.939,-43.7395932
927.064,-23.23703258
927.190,-27.33443532
927.316,-25.83192353
927.441,-33.12936289
927.567,-31.52679006
927.692,-27.0241928
927.818,-19.62163218
927.944,-22.81908375
928.069,-23.31655974
928.195,-24.21395028
928.320,-25.81141407
928.446,-34.60885343
928.571,-39.6062806
928.697,-26.00371997
928.822,-30.90117155
928.948,-19.39862312
929.073,-47.99603808
929.199,-23.99351407
929.324,-24.59091682
929.450,-28.08834398
929.575,-42.58583218
929.701,-23.08322272
929.826,-38.08066209
929.952,-40.17815028
930.077,-37.37556524
930.202,-32.57302902
930.328,-31.87045618
930.453,-22.26790776
930.579,-36.96533492
930.704,-33.5627865
930.829,-25.56022587
930.955,-23.45761641
931.080,-30.25506799
931.206,-44.15254398
931.331,-35.44993452
931.456,-15.24738609
931.582,-37.54481326
931.707,-29.04230145
931.832,-34.4397042
931.958,-26.93714357
932.083,-46.23457074
932.208,-20.53202231
932.333,-33.82948609
932.459,-32.72691326
932.584,-32.82434042
932.709,-30.22176758
932.835,-23.11921916
932.960,-23.7166097
933.085,-13.31667074
933.210,-39.71668294
933.335,-38.01669515
933.461,-24.51668294
933.586,-32.31669515
933.711,-26.11667074
933.836,-30.91668294
933.962,-24.21667074
934.087,-32.41668294
934.212,-31.01664632
934.337,-41.41669515
934.462,-25.21665853
934.587,-49.01667074
934.712,-30.61665853
934.838,-32.01667074
934.963,-39.11669515
935.088,-31.91668294
935.213,-33.71667074
935.338,-24.31665853
935.463,-28.81668294
935.588,-27.01665853
935.713,-35.51669515
935.838,-26.11668294
935.963,-31.01669515
936.088,-37.71664632
936.214,-25.41665853
936.339,-41.01667074
936.464,-36.31668294
936.589,-28.61664632
936.714,-18.51664632
936.839,-49.11667074
936.964,-17.51668294
937.089,-27.61664632
937.214,-23.21668294
937.339,-38.21669515
937.464,-23.21669515
937.589,-28.61667074
937.713,-22.51669515
937.838,-38.31665853
937.963,-31.51665853
938.088,-19.01669515
938.213,-35.71669515
938.338,-23.91664632
938.463,-31.61669515
938.588,-15.71668294
938.713,-33.81664632
938.838,-46.81668294
938.963,-39.71668294
939.087,-44.21665853
939.212,-39.61668294
939.337,-33.21665853
939.462,-35.51668294
939.587,-40.01665853
939.712,-21.91669515
939.836,-36.91668294
939.961,-31.31667074
940.086,-45.11664632
940.211,-34.81665853
940.336,-32.41668294
940.460,-33.11664632
940.585,-38.71668294
940.710,-40.71664632
940.835,-32.91669515
940.959,-29.8166097
941.084,-37.61665853
941.209,-14.81667074
941.333,-34.81669515
941.458,-19.51664632
941.583,-56.01665853
941.708,-31.41665853
941.832,-32.61664632
941.957,-41.61669515
942.082,-36.51667074
942.206,-31.91669515
942.331,-36.01664632
942.456,-44.11664632
942.580,-34.01665853
942.705,-45.11664632
942.829,-46.81669515
942.954,-27.91665853
943.079,-27.51664632
943.203,-34.01668294
943.328,-31.71668294
943.452,-18.51667074
943.577,-32.01665853
943.702,-24.71667074
943.826,-18.31669515
943.951,-43.91664632
944.075,-24.61664632
944.200,-38.71664632
944.324,-29.01667074
944.449,-33.01665853
944.573,-34.11667074
944.698,-45.81668294
944.822,-33.71667074
944.947,-32.51663411
945.071,-24.81665853
945.196,-25.01667074
945.320,-35.71669515
945.445,-19.91665853
945.569,-27.51668294
945.694,-24.71664632
945.818,-21.61665853
945.942,-9.016658529
946.067,-45.21668294
946.191,-27.81668294
946.316,-38.81664632
946.440,-46.21669515
946.564,-45.81669515
946.689,-29.51665853
946.813,-31.71667074
946.937,-21.21668294
947.062,-24.31667074
947.186,-42.21668294
947.310,-24.01669515
947.435,-19.81668294
947.559,-35.71668294
947.683,-17.61664632
947.808,-38.41665853
947.932,-29.91668294
948.056,-35.01667074
948.181,-41.11667074
948.305,-39.31664632
948.429,-22.41665853
948.553,-22.71669515
948.678,-22.91665853
948.802,-38.71665853
948.926,-26.21663411
949.050,-50.81667074
949.175,-36.81665853
949.299,-28.41664632
949.423,-36.91667074
949.547,-49.11669515
949.671,-27.01665853
949.795,-36.01665853
949.920,-29.31667074
950.044,-16.21667074
950.168,-29.91665853
950.292,-20.91667074
950.416,-39.41664632
950.540,-42.61667684
950.664,-29.41667074
950.789,-32.01669515
950.913,-17.51668294
951.037,-22.81667074
951.161,-9.616682943
951.285,-25.01665853
951.409,-25.01665853
951.533,-25.51667684
951.657,-23.11665853
951.781,-34.31664632
951.905,-37.31664632
952.029,-31.21669515
952.153,-29.51665853
952.277,-15.31669515
952.401,-30.81669515
952.525,-29.31664632
952.649,-28.81668294
952.773,-27.81668294
952.897,-14.11663411
953.021,-15.61664632
953.145,-10.21664632
953.269,-32.11665853
953.393,-23.71669515
953.517,-31.01668294
953.641,-19.71664632
953.765,-19.61664632
953.889,-28.21664632
954.012,-32.31665853
954.136,-40.21669515
954.260,-25.71669515
954.384,-33.71669515
954.508,-17.71665243
954.632,-24.01667074
954.756,-30.51667074
954.879,-31.21667074
955.003,-29.41664632
955.127,-41.01667074
955.251,-30.21665853
955.375,-24.71668294
955.499,-38.81665853
955.622,-10.81668294
955.746,-50.61665853
955.870,-27.61667074
955.994,-29.81665853
956.117,-24.11667074
956.241,-34.01664632
956.365,-40.81668294
956.489,-21.91665853
956.612,-32.61667074
956.736,-36.01665853
956.860,-13.0166097
956.984,-23.11665853
957.107,-41.81668294
957.231,-48.51667074
957.355,-40.11667074
957.478,-20.61664632
957.602,-39.91664632
957.726,-42.01669515
957.849,-31.31665853
957.973,-54.01664632
958.096,-37.91665853
958.220,-35.61669515
958.344,-28.61669515
958.467,-26.51665853
958.591,-22.61668294
958.714,-19.41665853
958.838,-41.31667074
958.962,-36.01669515
959.085,-30.41664632
959.209,-42.41665853
959.332,-51.41664632
959.456,-25.81665853
959.579,-25.11667074
959.703,-26.11665853
959.826,-38.01665853
959.950,-31.71668294
960.073,-14.81669515
960.197,-33.81665853
960.320,-25.01664632
960.444,-25.71669515
960.567,-30.11668294
960.691,-22.31665853
960.814,-27.1166097
960.938,-43.11667074
961.061,-21.61667074
961.185,-18.21667684
961.308,-39.21665853
961.431,-22.21668294
961.555,-34.41668294
961.678,-23.21665853
961.802,-32.21669515
961.925,-26.31667074
962.048,-32.81664632
962.172,-35.61669515
962.295,-16.51668294
962.418,-33.51667074
962.542,-14.81665853
962.665,-20.01669515
962.788,-23.51669515
962.912,-30.01665853
963.035,-18.91668294
963.158,-19.31667074
963.281,-36.31665853
963.405,-24.71665853
963.528,-26.41668294
963.651,-28.21664632
963.775,-8.316658529
963.898,-10.31664632
964.021,-25.11669515
964.144,-19.61669515
964.267,-28.61668294
964.391,-16.61667684
964.514,-28.21669515
964.637,-42.91664632
964.760,-26.81668294
964.883,-37.81669515
965.007,-35.41667074
965.130,-27.71665853
965.253,-39.81669515
965.376,-25.11667074
965.499,-29.41665853
965.622,-22.21667074
965.745,-22.31667074
965.869,-39.01667074
965.992,-13.31664632
966.115,-26.81665853
966.238,-33.71668294
966.361,-28.51666463
966.484,-19.01668294
966.607,-32.11667074
966.730,-38.71668294
966.853,-34.51665853
966.976,-13.31665853
967.099,-15.91664632
967.222,-29.01664632
967.345,-31.51668294
967.468,-25.61668294
967.591,-32.01667074
967.714,-31.71664632
967.837,-21.31664632
967.960,-26.41664632
968.083,-39.51667074
968.206,-27.31668294
968.329,-40.21669515
968.452,-38.01667074
968.575,-32.81667684
968.698,-17.9166097
968.821,-42.31665853
968.944,-34.31669515
969.067,-37.01664632
969.190,-25.61669515
969.312,-29.41665853
969.435,-36.81668294
969.558,-51.71665853
969.681,-21.41665853
969.804,-27.81666463
969.927,-34.71668294
970.050,-55.21664632
970.172,-16.31669515
970.295,-27.61667684
970.418,-44.41669515
970.541,-28.11665853
970.664,-11.41668294
970.786,-33.21666463
970.909,-51.01667074
971.032,-43.61668294
971.155,-37.31667074
971.277,-26.31665853
971.400,-37.51665853
971.523,-52.71668294
971.646,-43.51667074
971.768,-19.91667684
971.891,-31.51668294
972.014,-31.71667684
972.137,-24.01665853
972.259,-26.91665853
972.382,-28.81667074
972.505,-45.61668294
972.627,-34.61669515
972.750,-39.41664632
972.872,-40.71669515
972.995,-36.31667074
973.118,-37.01668294
973.240,-31.21668294
973.363,-17.41668294
973.486,-42.61667074
973.608,-19.11664632
973.731,-30.41669515
973.853,-30.91668294
973.976,-34.51664632
974.098,-37.91669515
974.221,-42.81666463
974.344,-5.216658529
974.466,-20.21665853
974.589,-23.21669515
974.711,-49.81665853
974.834,-23.91667074
974.956,-33.01667684
975.079,-35.71667074
975.201,-41.61667684
975.324,-39.91664632
975.446,-45.81664632
975.569,-22.51664632
975.691,-15.11667074
975.814,-33.81664632
975.936,-47.91665243
976.058,-46.71667074
976.181,-15.81665853
976.303,-37.71667074
976.426,-58.21667074
976.548,-16.91663411
976.670,-24.41664632
976.793,-47.51668294
976.915,-32.91669515
977.038,-24.51669515
977.160,-25.71665853
977.282,-27.41668294
977.405,-32.01664632
977.527,-24.31665853
977.649,-23.21669515
977.772,-13.71664632
977.894,-38.11664632
978.016,-33.11669515
978.138,-20.71665243
978.261,-14.71669515
978.383,-22.21667074
978.505,-26.81667074
978.628,-34.41669515
978.750,-25.01664632
978.872,-50.41664632
978.994,-29.21664632
979.116,-17.71667684
979.239,-45.31664632
979.361,-10.91666463
979.483,-42.11664632
979.605,-34.21664632
979.727,-10.71667074
979.850,-33.61668294
979.972,-26.11669515
980.094,-20.11667684
980.216,-18.41664632
980.338,-31.61666463
980.460,-17.5166097
980.582,-29.81664632
980.705,-28.71669515
980.827,-36.21664632
980.949,-27.81665853
981.071,-5.716670736
981.193,-14.11669515
981.315,-32.31669515
981.437,-22.61664632
981.559,-37.81666463
981.681,-26.61669515
981.803,-37.31667074
981.925,-2.116670736
982.047,-32.31666463
982.169,-17.81664632
982.291,-20.31664632
982.413,-31.21665853
982.535,-28.51667684
982.657,-39.91668294
982.779,-31.61665853
982.901,-22.21667074
983.023,-2.116676839
983.145,-14.41664632
983.267,-32.61667684
983.389,-26.11669515
983.511,-31.51667074
983.633,-33.21667074
983.755,-48.81667074
983.877,-26.51664632
983.999,-12.91669515
984.120,-17.31664632
984.242,-22.71669515
984.364,-27.11664632
984.486,-25.51665243
984.608,-7.716646322
984.730,-33.91667684
984.852,-33.31664632
984.973,-33.61669515
985.095,-32.51667074
985.217,-33.91669515
985.339,-33.41667074
985.461,-13.81665853
985.582,-21.91669515
985.704,-15.41665853
985.826,-21.81664632
985.948,-30.61667684
986.069,-41.81664632
986.191,-33.31668294
986.313,-59.41665853
986.435,-23.11665243
986.556,-16.21669515
986.678,-29.71667074
986.800,-36.31668294
986.921,-21.61665243
987.043,-29.81664632
987.165,-37.81667074
987.286,-35.01664632
987.408,-24.41664632
987.530,-36.41669515
987.651,-31.71666463
987.773,-28.41664632
987.895,-17.81667074
988.016,-34.01664632
988.138,-17.31669515
988.259,-25.21668294
988.381,-29.01669515
988.503,-27.61667074
988.624,-16.51667074
988.746,-9.616646322
988.867,0.883341471
988.989,-11.41665853
989.110,-26.71665853
989.232,-32.31669515
989.353,-25.91665853
989.475,-24.81668294
989.597,-21.01665243
989.718,-23.51669515
989.839,-18.91665853
989.961,-17.61667074
990.082,-22.01667074
990.204,-24.41668294
990.325,-16.71665853
990.447,-15.81668294
990.568,-25.41665243
990.690,-31.11668294
990.811,-19.11667074
990.933,-24.41667074
991.054,-33.21667684
991.175,-30.51664632
991.297,-21.11664632
991.418,-21.21665853
991.539,-21.31667074
991.661,-19.71668294
991.782,-23.11666463
991.904,-7.416646322
992.025,-14.31667074
992.146,-31.11668294
992.268,-30.31668294
992.389,-12.21668294
992.510,-6.916670736
992.631,-24.41664632
992.753,-33.11669515
992.874,-8.516646322
992.995,-12.51667074
993.117,-15.41667074
993.238,-25.41667684
993.359,-25.41668294
993.480,-20.91669515
993.602,-3.21669515
993.723,-19.91667684
993.844,-10.81665853
993.965,-6.316646322
994.086,-24.61665853
994.208,-10.81667684
994.329,-14.01667074
994.450,-13.31666463
994.571,-5.716670736
994.692,-21.61664632
994.813,-28.21665853
994.934,-25.91665243
995.056,-24.31668294
995.177,-3.216670736
995.298,-26.71665853
995.419,-11.31665853
995.540,-15.81667074
995.661,-20.71665853
995.782,-16.71669515
995.903,-12.31667074
996.024,-9.516682943
996.145,-14.31666463
996.266,-8.216658529
996.387,-11.91665243
996.508,-5.91669515
996.629,-27.11667074
996.751,-4.516658529
996.872,-14.81667074
996.993,-12.31665853
997.113,-11.51667074
997.234,-20.91665853
997.355,-4.016658529
997.476,-10.71667074
997.597,-28.21667074
997.718,-10.11667684
997.839,-17.21665853
997.960,-5.416658529
998.081,-5.216658529
998.202,0.583317057
998.323,7.783347575
998.444,0.383353678
998.565,-16.71664632
998.686,15.78332926
998.806,-10.21667074
998.927,10.88330485
999.048,7.183323161
999.169,-3.81669515
999.290,-3.516664632
999.411,4.383353678
999.531,10.28334757
999.652,-13.81665853
999.773,14.78334147
999.894,9.683317057
1000.015,15.28332926
1000.135,23.38332926
1000.256,20.88334757
1000.377,19.28334147
1000.498,28.68333537
1000.618,34.98331706
1000.739,15.48332926
1000.860,1.18330485
1000.981,33.38332926
1001.101,29.38334147
1001.222,13.48333537
1001.343,25.78335368
1001.463,23.18334147
1001.584,15.38331706
1001.705,40.98331706
1001.825,19.58331706
1001.946,24.38333537
1002.067,34.38332926
1002.187,39.68333537
1002.308,53.08334147
1002.428,37.78334147
1002.549,36.18330485
1002.670,44.28333537
1002.790,56.78335368
1002.911,46.38330485
1003.031,52.98335368
1003.152,55.88332926
1003.273,45.28332926
1003.393,58.78332926
1003.514,68.08334147
1003.634,75.58334757
1003.755,79.68332926
1003.875,56.08331706
1003.996,75.98332926
1004.116,80.98332316
1004.237,72.68330485
1004.357,90.78334757
1004.478,60.98331706
1004.598,84.98332926
1004.718,81.58331706
1004.839,103.0833415
1004.959,101.6833537
1005.080,94.18334757
1005.200,105.8833171
1005.321,121.5833415
1005.441,124.9833293
1005.561,110.9833293
1005.682,115.0833293
1005.802,125.2833415
1005.923,143.8833415
1006.043,131.5833049
1006.163,153.7833171
1006.284,148.8833293
1006.404,155.4833293
1006.524,161.5833354
1006.645,156.7833415
1006.765,180.0833354
1006.885,171.7833537
1007.005,166.5833171
1007.126,189.5833415
1007.246,174.6833171
1007.366,207.9833171
1007.487,206.8833415
1007.607,207.8833171
1007.727,210.3833232
1007.847,217.3833415
1007.967,227.0833232
1008.088,245.7833293
1008.208,249.2833049
1008.328,237.0833293
1008.448,268.4833415
1008.568,238.0833049
1008.689,270.0833232
1008.809,289.8833293
1008.929,287.9833171
1009.049,298.6833049
1009.169,306.9833476
1009.289,308.6833049
1009.409,295.7833171
1009.530,323.3833415
1009.650,337.3833354
1009.770,342.4833171
1009.890,361.8833415
1010.010,367.5833415
1010.130,374.6833415
1010.250,401.3833537
1010.370,392.7833049
1010.490,433.4833171
1010.610,412.1833049
1010.730,423.5833537
1010.850,445.8833354
1010.970,464.1833293
1011.090,468.2833293
1011.210,470.9833415
1011.330,492.1833049
1011.450,494.9833293
1011.570,526.0833537
1011.690,539.5833293
1011.810,525.4833354
1011.930,563.6833171
1012.050,569.6833293
1012.170,589.9833171
1012.290,603.2833415
1012.410,610.4833537
1012.530,645.6833293
1012.649,642.7833293
1012.769,671.1833171
1012.889,697.0833171
1013.009,709.1833415
1013.129,713.5833171
1013.249,735.9833537
1013.369,756.7833049
1013.488,775.3833415
1013.608,814.9833293
1013.728,842.8833232
1013.848,841.8833049
1013.968,870.5833232
1014.087,882.8833293
1014.207,904.8833415
1014.327,936.5833415
1014.447,970.0833171
1014.566,988.7833171
1014.686,1019.883323
1014.806,1074.883305
1014.926,1095.583329
1015.045,1101.983317
1015.165,1145.883348
1015.285,1171.483329
1015.405,1184.083354
1015.524,1241.583354
1015.644,1266.983329
1015.764,1283.583354
1015.883,1304.883329
1016.003,1324.983317
1016.122,1369.183335
1016.242,1372.783329
1016.362,1416.283354
1016.481,1497.083305
1016.601,1567.183305
1016.721,1572.783354
1016.840,1625.383323
1016.960,1650.583317
1017.079,1700.583329
1017.199,1712.483341
1017.318,1749.883341
1017.438,1819.983354
1017.557,1846.383329
1017.677,1904.083354
1017.797,1968.983335
1017.916,2013.283317
1018.036,2064.683329
1018.155,2132.483317
1018.275,2177.283348
1018.394,2201.883305
1018.513,2258.883341
1018.633,2369.583341
1018.752,2396.583341
1018.872,2467.083305
1018.991,2557.883335
1019.111,2553.283354
1019.230,2555.983341
1019.349,2635.683305
1019.469,2732.483341
1019.588,2792.583329
1019.708,2848.783348
1019.827,2880.683329
1019.946,2978.283329
1020.066,3092.783317
1020.185,3178.483341
1020.304,3245.783305
1020.424,3254.183341
1020.543,3335.083341
1020.662,3371.983335
1020.782,3526.883323
1020.901,3567.983305
1021.020,3722.383341
1021.140,3724.383329
1021.259,3790.483341
1021.378,3910.483348
1021.497,4031.383329
1021.617,4085.683329
1021.736,4149.683305
1021.855,4214.483348
1021.974,4308.783341
1022.093,4398.183335
1022.213,4507.983341
1022.332,4646.283323
1022.451,4702.983354
1022.570,4771.083329
1022.689,4929.783317
1022.809,5041.383341
1022.928,5146.883341
1023.047,5215.583335
1023.166,5319.783329
1023.285,5490.783335
1023.404,5588.883354
1023.523,5532.283335
1023.642,5700.983354
1023.762,5717.083335
1023.881,5857.683317
1024.000,5988.883329
1024.119,6052.983317
1024.238,6136.583329
1024.357,6263.983354
1024.476,6411.483341
1024.595,6584.683329
1024.714,6645.683317
1024.833,6798.483341
1024.952,6928.883317
1025.071,7233.383354
1025.190,7279.483329
1025.309,7284.683341
1025.428,7469.183323
1025.547,7712.183329
1025.666,7875.783335
1025.785,8041.983329
1025.904,8197.883341
1026.023,8281.083329
1026.141,8341.883329
1026.260,8546.983329
1026.379,8735.583341
1026.498,8937.983305
1026.617,8975.683329
1026.736,9020.683305
1026.855,9088.083323
1026.974,9191.283317
1027.092,9325.883323
1027.211,9629.683341
1027.330,9596.083329
1027.449,9887.783305
1027.568,9997.183329
1027.687,10220.48334
1027.805,10285.38334
1027.924,10415.38332
1028.043,10622.78332
1028.162,10982.6833
1028.280,10987.08335
1028.399,11166.78334
1028.518,11247.88332
1028.637,11399.88335
1028.755,11540.88332
1028.874,11775.48334
1028.993,11996.28333
1029.111,12197.28334
1029.230,12339.48334
1029.349,12517.48334
1029.468,12609.28335
1029.586,12683.18335
1029.705,12775.18333
1029.823,13050.38334
1029.942,13035.38333
1030.061,13172.4833
1030.179,13382.08334
1030.298,13423.5833
1030.417,13493.98334
1030.535,13728.58335
1030.654,13931.88332
1030.772,14218.48334
1030.891,14205.48335
1031.009,14201.98333
1031.128,14150.58334
1031.247,14422.78333
1031.365,14484.28334
1031.484,14594.58334
1031.602,14745.98335
1031.721,15215.58333
1031.839,15334.18334
1031.958,15525.9833
1032.076,15416.38335
1032.195,15247.88334
1032.313,15460.28332
1032.431,15768.08333
1032.550,15780.38335
1032.668,15797.8833
1032.787,15658.08334
1032.905,15772.1833
1033.024,15976.48334
1033.142,16150.48332
1033.260,16181.28334
1033.379,16237.88333
1033.497,16564.08332
1033.616,16769.48333
1033.734,16835.88335
1033.852,16995.28333
1033.971,16862.48334
1034.089,16909.78334
1034.207,16906.78335
1034.326,16784.88333
1034.444,16730.58334
1034.562,16842.78333
1034.680,16884.78334
1034.799,17143.08332
1034.917,17082.48335
1035.035,17049.48333
1035.154,16905.48333
1035.272,17051.78332
1035.390,17105.38334
1035.508,17555.58335
1035.626,17221.38332
1035.745,17054.1833
1035.863,16733.48335
1035.981,16826.58335
1036.099,16755.7833
1036.217,16753.38332
1036.336,16593.98334
1036.454,16682.3833
1036.572,16735.58334
1036.690,16837.08334
1036.808,16908.08333
1036.926,16764.58335
1037.044,16477.5833
1037.162,16558.1833
1037.281,16459.88334
1037.399,16268.6833
1037.517,16056.48334
1037.635,15940.48335
1037.753,15817.98334
1037.871,15687.2833
1037.989,15549.08335
1038.107,15519.08335
1038.225,15166.98335
1038.343,15244.78335
1038.461,15137.08333
1038.579,15138.1833
1038.697,14775.78334
1038.815,14757.08333
1038.933,14666.78334
1039.051,14635.58335
1039.169,14236.18333
1039.287,14090.28332
1039.405,13958.68334
1039.523,13968.78334
1039.641,13762.08335
1039.759,13624.68332
1039.876,13604.68332
1039.994,13578.68334
1040.112,13323.48332
1040.230,13011.38334
1040.348,12724.48334
1040.466,12644.58334
1040.584,12409.58334
1040.702,12411.68333
1040.819,12301.48332
1040.937,12167.48332
1041.055,11917.58335
1041.173,11623.78335
1041.291,11415.98333
1041.408,11296.5833
1041.526,11090.98335
1041.644,10816.58332
1041.762,10610.08335
1041.879,10640.88332
1041.997,10498.68335
1042.115,10457.78334
1042.233,10360.18332
1042.350,10257.98335
1042.468,9969.083335
1042.586,9692.983305
1042.703,9486.383323
1042.821,9423.083317
1042.939,9245.383348
1043.057,9103.883305
1043.174,8765.583341
1043.292,8709.783341
1043.409,8557.883323
1043.527,8463.083354
1043.645,8366.483317
1043.762,8298.683341
1043.880,8082.683348
1043.998,7956.983341
1044.115,7751.383323
1044.233,7694.583354
1044.350,7509.883305
1044.468,7266.883354
1044.585,7095.083341
1044.703,7084.083305
1044.820,6871.483329
1044.938,6711.283305
1045.055,6628.883329
1045.173,6513.583341
1045.290,6398.383335
1045.408,6307.583305
1045.525,6064.783305
1045.643,5937.483305
1045.760,5780.883335
1045.878,5723.383317
1045.995,5559.183329
1046.113,5395.083317
1046.230,5289.683354
1046.348,5127.783317
1046.465,4965.183341
1046.582,4847.483341
1046.700,4729.683348
1046.817,4663.083341
1046.935,4566.683329
1047.052,4518.283317
1047.169,4432.483329
1047.287,4309.983317
1047.404,4217.783341
1047.521,4085.183354
1047.639,3984.783323
1047.756,3946.683354
1047.873,3885.483341
1047.990,3760.883341
1048.108,3627.183323
1048.225,3500.683305
1048.342,3437.483348
1048.460,3416.783354
1048.577,3310.883323
1048.694,3266.783317
1048.811,3150.083341
1048.929,3076.583354
1049.046,3013.883341
1049.163,2934.183341
1049.280,2855.683341
1049.397,2765.683341
1049.515,2679.183329
1049.632,2610.383354
1049.749,2541.183348
1049.866,2466.483341
1049.983,2351.883341
1050.100,2365.483341
1050.217,2346.183329
1050.335,2304.683354
1050.452,2180.083305
1050.569,2153.883329
1050.686,2103.683341
1050.803,2033.783317
1050.920,1961.183329
1051.037,1884.983354
1051.154,1845.983354
1051.271,1842.683329
1051.388,1806.683348
1051.505,1737.083341
1051.622,1674.883341
1051.739,1625.483317
1051.856,1549.283329
1051.973,1547.983317
1052.090,1511.383348
1052.207,1460.483317
1052.324,1414.283329
1052.441,1393.883341
1052.558,1346.683329
1052.675,1305.483354
1052.792,1295.483341
1052.909,1219.983329
1053.026,1195.583323
1053.143,1192.483354
1053.260,1128.383329
1053.376,1133.283341
1053.493,1077.283348
1053.610,1042.283329
1053.727,992.7833415
1053.844,988.0833171
1053.961,961.4833476
1054.078,916.0833415
1054.194,889.1833415
1054.311,897.5833171
1054.428,880.1833354
1054.545,852.4833415
1054.662,815.6833476
1054.778,803.1833415
1054.895,758.2833537
1055.012,745.6833415
1055.129,712.1833293
1055.245,694.5833537
1055.362,670.1833476
1055.479,670.0833049
1055.596,665.2833049
1055.712,638.1833293
1055.829,599.3833476
1055.946,605.2833171
1056.062,599.5833354
1056.179,582.0833049
1056.296,556.8833476
1056.412,534.7833293
1056.529,495.9833354
1056.646,510.8833049
1056.762,492.0833354
1056.879,479.6833537
1056.996,445.6833537
1057.112,451.8833171
1057.229,448.2833354
1057.345,415.3833537
1057.462,401.7833537
1057.578,407.1833049
1057.695,377.9833232
1057.812,379.8833415
1057.928,372.4833476
1058.045,378.0833537
1058.161,355.6833293
1058.278,334.1833415
1058.394,319.2833476
1058.511,316.1833476
1058.627,324.5833293
1058.744,284.8833415
1058.860,285.3833293
1058.977,293.9833415
1059.093,270.0833232
1059.209,262.3833415
1059.326,244.2833171
1059.442,250.8833049
1059.559,238.3833171
1059.675,244.1833171
1059.791,232.7833232
1059.908,224.2833171
1060.024,219.2833293
1060.141,218.8833293
1060.257,202.1833293
1060.373,188.2833049
1060.490,191.8833232
1060.606,182.2833171
1060.722,176.9833354
1060.839,160.8833049
1060.955,174.5833476
1061.071,161.8833171
1061.188,170.5833293
1061.304,140.9833171
1061.420,148.1833049
1061.536,150.7833415
1061.653,138.7833476
1061.769,131.9833171
1061.885,142.0833232
1062.001,116.9833171
1062.118,125.1833293
1062.234,118.6833049
1062.350,108.2833293
1062.466,113.6833049
1062.582,103.0833415
1062.698,104.0833415
1062.815,91.08334147
1062.931,92.98330485
1063.047,90.38332316
1063.163,88.08330485
1063.279,99.48332926
1063.395,94.78332926
1063.511,87.68332926
1063.628,79.28331706
1063.744,69.08334757
1063.860,62.78332926
1063.976,78.08334757
1064.092,70.38334147
1064.208,83.98333537
1064.324,60.78335368
1064.440,51.68331706
1064.556,59.18335368
1064.672,83.18333537
1064.788,60.98332926
1064.904,52.28334147
1065.020,67.08335368
1065.136,32.38334757
1065.252,56.38334147
1065.368,47.98334147
1065.484,56.88331706
1065.600,37.28335368
1065.716,35.58331706
1065.832,48.88333537
1065.948,42.98332316
1066.064,26.18331706
1066.179,36.18332926
1066.295,33.68334147
1066.411,40.48330485
1066.527,27.78334757
1066.643,32.28332926
1066.759,24.18332926
1066.875,17.28334147
1066.991,30.88334757
1067.106,21.98334147
1067.222,24.98332926
1067.338,32.88332926
1067.454,29.08332316
1067.570,38.68331706
1067.685,22.98332926
1067.801,28.88334147
1067.917,19.48332316
1068.033,13.08330485
1068.148,0.483341471
1068.264,11.78334147
1068.380,9.983347575
1068.496,19.48332926
1068.611,3.783329264
1068.727,15.88332926
1068.843,3.483347575
1068.958,5.283329264
1069.074,1.383323161
1069.190,20.78330485
1069.305,6.683329264
1069.421,17.88331706
1069.537,3.983335368
1069.652,-3.016664632
1069.768,-14.31669515
1069.884,7.383317057
1069.999,-2.316676839
1070.115,10.08330485
1070.230,9.283335368
1070.346,-7.616670736
1070.462,-13.61665853
1070.577,-1.716682943
1070.693,-0.416670736
1070.808,5.283317057
1070.924,4.483323161
1071.039,4.583317057
1071.155,-12.81667074
1071.270,2.483329264
1071.386,1.383341471
1071.501,-14.91664632
1071.617,1.883329264
1071.732,8.283341471
1071.848,1.983329264
1071.963,-8.91669515
1072.079,-9.216652425
1072.194,1.683341471
1072.309,0.583323161
1072.425,-8.816646322
1072.540,2.083341471
1072.656,3.383341471
1072.771,-28.31666463
1072.886,-9.31669515
1073.002,-7.916670736
1073.117,-8.416670736
1073.232,-7.816670736
1073.348,-5.116664632
1073.463,-14.01665853
1073.579,0.183329264
1073.694,-14.11665853
1073.809,-11.01668294
1073.924,-5.416676839
1074.040,-17.71669515
1074.155,-12.01667074
1074.270,-6.316670736
1074.386,-15.91667684
1074.501,-11.21667074
1074.616,-12.11667684
1074.731,-13.91667074
1074.846,-15.91667074
1074.962,-14.61665853
1075.077,-18.81665243
1075.192,-24.61668294
1075.307,-23.11669515
1075.422,-13.21667074
1075.538,-14.51667684
1075.653,-12.11668294
1075.768,-9.316664632
1075.883,-30.81667074
1075.998,1.383323161
1076.113,-20.41669515
1076.228,-17.41666463
1076.344,-9.21669515
1076.459,-2.21669515
1076.574,-4.41669515
1076.689,-16.81665853
1076.804,-17.91667074
1076.919,-2.416652425
1077.034,-5.016652425
1077.149,-11.61669515
1077.264,-6.216682943
1077.379,-32.51664632
1077.494,-24.11665853
1077.609,-17.91667074
1077.724,-23.91667074
1077.839,-4.916670736
1077.954,-9.416682943
1078.069,-17.91666463
1078.184,-25.41669515
1078.299,-16.11667684
1078.414,-17.91669515
1078.529,-11.71669515
1078.644,-20.31669515
1078.759,-10.81665243
1078.874,-36.81668294
1078.989,-3.816676839
1079.103,-26.41664632
1079.218,-21.01665853
1079.333,-18.11667074
1079.448,-9.616658529
1079.563,-15.21664632
1079.678,-7.71669515
1079.793,-16.81667074
1079.907,-15.11665853
1080.022,-3.116646322
1080.137,-8.116658529
1080.252,-29.61669515
1080.367,-24.21669515
1080.481,-28.31668294
1080.596,-24.61667684
1080.711,-26.91665853
1080.826,-27.71668294
1080.940,-15.01664632
1081.055,-16.31668294
1081.170,-25.21665853
1081.285,-23.91665853
1081.399,-24.71664632
1081.514,-16.31664632
1081.629,-16.01667074
1081.743,-4.416676839
1081.858,-40.11664632
1081.973,-28.81667684
1082.087,-20.61669515
1082.202,-10.21668294
1082.317,-30.61668294
1082.431,-38.71668294
1082.546,-5.016682943
1082.660,-35.31669515
1082.775,-17.31664632
1082.890,-16.91665243
1083.004,-23.81665853
1083.119,-36.61665853
1083.233,-14.11669515
1083.348,-40.61665853
1083.462,-20.81667074
1083.577,-40.41667074
1083.692,-19.11668294
1083.806,-15.31666463
1083.921,-30.41669515
1084.035,-28.71667684
1084.150,-12.31669515
1084.264,-19.91665853
1084.378,-26.01668294
1084.493,-17.21664632
1084.607,-22.41667074
1084.722,-9.71669515
1084.836,-22.61667074
1084.951,-12.71665853
1085.065,-19.01664632
1085.180,-15.31666463
1085.294,-18.21668294
1085.408,-33.11667074
1085.523,-14.31665853
1085.637,-30.71667684
1085.751,-4.616682943
1085.866,-1.816652425
1085.980,-1.616670736
1086.094,-11.31665243
1086.209,-19.71667074
1086.323,-12.91667074
1086.437,-2.016658529
1086.552,-13.21664632
1086.666,9.583341471
1086.780,5.883341471
1086.894,16.48335368
1087.009,26.68334757
1087.123,64.08334147
1087.237,81.08333537
1087.351,97.58330485
1087.466,112.2833415
1087.580,105.8833171
1087.694,60.08332926
1087.808,51.48330485
1087.922,2.483329264
1088.037,11.78334147
1088.151,1.48330485
1088.265,-2.516658529
1088.379,-14.71667684
1088.493,-6.916670736
1088.607,-10.71667074
1088.722,0.283353678
1088.836,-8.916670736
1088.950,-18.51668294
1089.064,-12.51666463
1089.178,-22.91665853
1089.292,-0.916676839
1089.406,-10.71664632
1089.520,-40.91667684
1089.634,-13.61667074
1089.748,-17.21665853
1089.862,-11.31668294
1089.976,-21.81667684
1090.090,-7.816658529
1090.204,-17.31666463
1090.318,-27.41668294
1090.432,-9.616664632
1090.546,-22.51667074
1090.660,-13.61665243
1090.774,-22.21664632
1090.888,-24.31665243
1091.002,-19.81667074
1091.116,-31.01667074
1091.230,-21.41667074
1091.344,-40.21665853
1091.458,-30.21665853
1091.572,-35.81665243
1091.685,-5.616652425
1091.799,-37.81668294
1091.913,-20.41669515
1092.027,-3.216652425
1092.141,-21.91665853
1092.255,-33.31669515
1092.369,-26.01667074
1092.482,-33.61665243
1092.596,-28.61667074
1092.710,-15.01667074
1092.824,-24.61668294
1092.938,-36.01665243
1093.051,-20.01664632
1093.165,-22.21666463
1093.279,-21.21665853
1093.393,-40.81665243
1093.506,-15.21668294
1093.620,-24.81665243
1093.734,-11.71664632
1093.847,-1.816664632
1093.961,-22.61667074
1094.075,-7.416652425
1094.189,-25.81669515
1094.302,-36.61664632
1094.416,0.783341471
1094.529,-28.61666463
1094.643,-14.71664632
1094.757,-27.71666463
1094.870,-25.01669515
1094.984,-26.51665853
1095.098,-3.716682943
1095.211,-47.41667074
1095.325,-25.01665243
1095.438,-32.81665853
1095.552,-20.01669515
1095.666,-27.81665853
1095.779,-21.61664632
1095.893,-24.21665243
1096.006,-19.61665853
1096.120,-36.81665853
1096.233,-30.71669515
1096.347,-20.41665243
1096.460,-27.81667074
1096.574,-43.31666463
1096.687,-16.01668294
1096.801,-29.41665853
1096.914,-26.61668294
1097.027,-30.01667684
1097.141,-59.71669515
1097.254,-32.51666463
1097.368,-38.61665853
1097.481,-25.81665243
1097.595,-17.01664632
1097.708,-13.41665243
1097.821,-19.71664632
1097.935,-31.51665853
1098.048,-37.61668294
1098.161,-40.41667074
1098.275,-29.61668294
1098.388,-38.01665243
1098.501,-24.21667074
1098.615,-33.21666463
1098.728,-30.51669515
1098.841,-29.41667074
1098.955,-20.61666463
1099.068,-27.21668294
1099.181,-26.41667074
1099.295,-27.21666463
1099.408,-29.71667074
1099.521,-11.21665243
1099.634,-13.91667074
1099.747,-15.11666463
1099.861,-25.21665853
1099.974,-20.91667684
1100.087,-10.51667074