925,

1075

1850.2,2.25981E-22,5.45463E-23
1850.4,2.32945E-22,5.63846E-23
1850.6,2.36058E-22,5.72981E-23
1850.8,2.3657E-22,5.75829E-23
1851,2.37899E-22,5.80682E-23
1851.2,2.42831E-22,5.94377E-23
1851.4,2.54515E-22,6.24718E-23
1851.6,2.74936E-22,6.76726E-23
1851.8,3.05589E-22,7.54277E-23
1852,3.45785E-22,8.55877E-23
1852.2,3.93816E-22,9.77482E-23
1852.4,4.45612E-22,1.10913E-22
1852.6,4.96074E-22,1.23818E-22
1852.8,5.39129E-22,1.3494E-22
1853,5.69084E-22,1.42835E-22
1853.2,5.81202E-22,1.46283E-22
1853.4,5.74165E-22,1.44915E-22
1853.6,5.49717E-22,1.39131E-22
1853.8,5.12863E-22,1.30165E-22
1854,4.69666E-22,1.19534E-22
1854.2,4.27054E-22,1.08992E-22
1854.4,3.92108E-22,1.00352E-22
1854.6,3.70363E-22,9.50506E-23
1854.8,3.63697E-22,9.35997E-23
1855,3.71551E-22,9.58872E-23
1855.2,3.8981E-22,1.00879E-22
1855.4,4.12499E-22,1.07048E-22
1855.6,4.32837E-22,1.12638E-22
1855.8,4.44472E-22,1.15988E-22
1856,4.42984E-22,1.15921E-22
1856.2,4.28325E-22,1.12397E-22
1856.4,4.02894E-22,1.06017E-22
1856.6,3.71575E-22,9.80476E-23
1856.8,3.40276E-22,9.00383E-23
1857,3.15001E-22,8.3582E-23
1857.2,2.99937E-22,7.98058E-23
1857.4,2.97897E-22,7.94831E-23
1857.6,3.08529E-22,8.25484E-23
1857.8,3.29972E-22,8.85307E-23
1858,3.58422E-22,9.64305E-23
1858.2,3.88806E-22,1.04895E-22
1858.4,4.17057E-22,1.12829E-22
1858.6,4.40401E-22,1.19475E-22
1858.8,4.55873E-22,1.24015E-22
1859,4.62082E-22,1.26053E-22
1859.2,4.59557E-22,1.25711E-22
1859.4,4.49825E-22,1.2339E-22
1859.6,4.34417E-22,1.19494E-22
1859.8,4.14205E-22,1.1425E-22
1860,3.90213E-22,1.0793E-22
1860.2,3.64146E-22,1.00999E-22
1860.4,3.37155E-22,9.37715E-23
1860.6,3.10379E-22,8.65631E-23
1860.8,2.8465E-22,7.96071E-23
1861,2.61617E-22,7.33679E-23
1861.2,2.42225E-22,6.81174E-23
1861.4,2.27336E-22,6.41073E-23
1861.6,2.16894E-22,6.13316E-23
1861.8,2.1162E-22,6.00057E-23
1862,2.12691E-22,6.04761E-23
1862.2,2.20846E-22,6.29683E-23
1862.4,2.37383E-22,6.78702E-23
1862.6,2.63334E-22,7.54978E-23
1862.8,2.98291E-22,8.57559E-23
1863,3.41097E-22,9.8333E-23
1863.2,3.90722E-22,1.1295E-22
1863.4,4.44964E-22,1.28985E-22
1863.6,4.99153E-22,1.45093E-22
1863.8,5.47341E-22,1.59538E-22
1864,5.83376E-22,1.7051E-22
1864.2,6.02059E-22,1.76456E-22
1864.4,6.00024E-22,1.76344E-22
1864.6,5.77075E-22,1.70067E-22
1864.8,5.36407E-22,1.58518E-22
1865,4.84962E-22,1.43709E-22
1865.2,4.30675E-22,1.27974E-22
1865.4,3.82097E-22,1.13852E-22
1865.6,3.46625E-22,1.03566E-22
1865.8,3.30373E-22,9.89821E-23
1866,3.37017E-22,1.01251E-22
1866.2,3.66241E-22,1.10333E-22
1866.4,4.13033E-22,1.24771E-22
1866.6,4.69229E-22,1.42137E-22
1866.8,5.2463E-22,1.59356E-22
1867,5.69621E-22,1.73498E-22
1867.2,5.97974E-22,1.82634E-22
1867.4,6.07342E-22,1.86004E-22
1867.6,5.98229E-22,1.83717E-22
1867.8,5.74814E-22,1.7701E-22
1868,5.44054E-22,1.67998E-22
1868.2,5.13525E-22,1.59006E-22
1868.4,4.90152E-22,1.52186E-22
1868.6,4.80153E-22,1.4949E-22
1868.8,4.87234E-22,1.52111E-22
1869,5.12003E-22,1.60282E-22
1869.2,5.50578E-22,1.7283E-22
1869.4,5.96247E-22,1.87679E-22
1869.6,6.40439E-22,2.02141E-22
1869.8,6.75824E-22,2.13894E-22
1870,6.97991E-22,2.21515E-22
1870.2,7.05675E-22,2.24567E-22
1870.4,6.99897E-22,2.23338E-22
1870.6,6.84513E-22,2.19027E-22
1870.8,6.64751E-22,2.13286E-22
1871,6.46188E-22,2.07898E-22
1871.2,6.34869E-22,2.04814E-22
1871.4,6.35432E-22,2.05557E-22
1871.6,6.49091E-22,2.1055E-22
1871.8,6.74358E-22,2.19344E-22
1872,7.07923E-22,2.30891E-22
1872.2,7.43825E-22,2.43263E-22
1872.4,7.75286E-22,2.54245E-22
1872.6,7.97409E-22,2.62214E-22
1872.8,8.07159E-22,2.66145E-22
1873,8.04282E-22,2.65921E-22
1873.2,7.90942E-22,2.62224E-22
1873.4,7.70045E-22,2.55993E-22
1873.6,7.4455E-22,2.48193E-22
1873.8,7.17977E-22,2.39988E-22
1874,6.9384E-22,2.32552E-22
1874.2,6.75034E-22,2.26866E-22
1874.4,6.63325E-22,2.23539E-22
1874.6,6.59212E-22,2.22758E-22
1874.8,6.62442E-22,2.2446E-22
1875,6.7062E-22,2.2785E-22
1875.2,6.82799E-22,2.3262E-22
1875.4,6.98686E-22,2.3868E-22
1875.6,7.17419E-22,2.45747E-22
1875.8,7.38261E-22,2.53575E-22
1876,7.61195E-22,2.62164E-22
1876.2,7.85273E-22,2.71193E-22
1876.4,8.0937E-22,2.80275E-22
1876.6,8.32683E-22,2.89132E-22
1876.8,8.5428E-22,2.97438E-22
1877,8.74167E-22,3.05189E-22
1877.2,8.9363E-22,3.12832E-22
1877.4,9.12112E-22,3.2017E-22
1877.6,9.28896E-22,3.26948E-22
1877.8,9.42695E-22,3.32706E-22
1878,9.52362E-22,3.37031E-22
1878.2,9.57071E-22,3.39617E-22
1878.4,9.56551E-22,3.40354E-22
1878.6,9.51716E-22,3.39553E-22
1878.8,9.44307E-22,3.37823E-22
1879,9.34449E-22,3.35204E-22
1879.2,9.2483E-22,3.32653E-22
1879.4,9.19392E-22,3.31594E-22
1879.6,9.21495E-22,3.33253E-22
1879.8,9.33617E-22,3.38553E-22
1880,9.57111E-22,3.48013E-22
1880.2,9.90954E-22,3.61295E-22
1880.4,1.03268E-21,3.77526E-22
1880.6,1.07819E-21,3.95233E-22
1880.8,1.12248E-21,4.12581E-22
1881,1.16225E-21,4.28355E-22
1881.2,1.19603E-21,4.41999E-22
1881.4,1.22309E-21,4.53222E-22
1881.6,1.24572E-21,4.6286E-22
1881.8,1.26692E-21,4.72009E-22
1882,1.29097E-21,4.8227E-22
1882.2,1.32193E-21,4.95171E-22
1882.4,1.36268E-21,5.11814E-22
1882.6,1.41739E-21,5.33803E-22
1882.8,1.48745E-21,5.61699E-22
1883,1.56982E-21,5.94409E-22
1883.2,1.66052E-21,6.30448E-22
1883.4,1.7549E-21,6.68081E-22
1883.6,1.84905E-21,7.05825E-22
1883.8,1.93928E-21,7.42265E-22
1884,2.02342E-21,7.7656E-22
1884.2,2.10199E-21,8.08888E-22
1884.4,2.17647E-21,8.39813E-22
1884.6,2.24828E-21,8.69857E-22
1884.8,2.31969E-21,8.99905E-22
1885,2.395E-21,9.31628E-22
1885.2,2.47645E-21,9.65906E-22
1885.4,2.56745E-21,1.0041E-21
1885.6,2.67151E-21,1.04761E-21
1885.8,2.79085E-21,1.09736E-21
1886,2.92712E-21,1.15404E-21
1886.2,3.07987E-21,1.21753E-21
1886.4,3.24755E-21,1.28727E-21
1886.6,3.43294E-21,1.36442E-21
1886.8,3.63739E-21,1.44957E-21
1887,3.86037E-21,1.54257E-21
1887.2,4.10026E-21,1.64283E-21
1887.4,4.35488E-21,1.74954E-21
1887.6,4.62313E-21,1.8623E-21
1887.8,4.90194E-21,1.97992E-21
1888,5.19013E-21,2.10195E-21
1888.2,5.49071E-21,2.22966E-21
1888.4,5.80455E-21,2.36343E-21
1888.6,6.13217E-21,2.50354E-21
1888.8,6.47543E-21,2.65078E-21
1889,6.83557E-21,2.80571E-21
1889.2,7.20706E-21,2.96613E-21
1889.4,7.58623E-21,3.13056E-21
1889.6,7.96504E-21,3.2957E-21
1889.8,8.33312E-21,3.45725E-21
1890,8.67789E-21,3.60994E-21
1890.2,8.98327E-21,3.747E-21
1890.4,9.23459E-21,3.86215E-21
1890.6,9.42242E-21,3.95126E-21
1890.8,9.5404E-21,4.01146E-21
1891,9.58708E-21,4.04188E-21
1891.2,9.56502E-21,4.04338E-21
1891.4,9.48115E-21,4.01866E-21
1891.6,9.34496E-21,3.97154E-21
1891.8,9.16465E-21,3.90533E-21
1892,8.95008E-21,3.82411E-21
1892.2,8.71265E-21,3.73261E-21
1892.4,8.45883E-21,3.63357E-21
1892.6,8.19467E-21,3.52951E-21
1892.8,7.92585E-21,3.42286E-21
1893,7.65559E-21,3.31498E-21
1893.2,7.38124E-21,3.20472E-21
1893.4,7.10419E-21,3.09268E-21
1893.6,6.82318E-21,2.97828E-21
1893.8,6.53868E-21,2.86172E-21
1894,6.25158E-21,2.74337E-21
1894.2,5.96066E-21,2.62269E-21
1894.4,5.66743E-21,2.50032E-21
1894.6,5.37406E-21,2.37723E-21
1894.8,5.08328E-21,2.2546E-21
1895,4.79994E-21,2.1346E-21
1895.2,4.52901E-21,2.01949E-21
1895.4,4.27672E-21,1.91208E-21
1895.6,4.04802E-21,1.81465E-21
1895.8,3.84606E-21,1.72871E-21
1896,3.67353E-21,1.65557E-21
1896.2,3.53258E-21,1.59628E-21
1896.4,3.42323E-21,1.55099E-21
1896.6,3.34633E-21,1.52019E-21
1896.8,3.30175E-21,1.50393E-21
1897,3.28641E-21,1.50093E-21
1897.2,3.29325E-21,1.50805E-21
1897.4,3.31567E-21,1.52236E-21
1897.6,3.34382E-21,1.53937E-21
1897.8,3.36948E-21,1.5553E-21
1898,3.38399E-21,1.56616E-21
1898.2,3.37687E-21,1.56701E-21
1898.4,3.34137E-21,1.55466E-21
1898.6,3.27285E-21,1.52683E-21
1898.8,3.16948E-21,1.48253E-21
1899,3.03468E-21,1.42325E-21
1899.2,2.875E-21,1.35194E-21
1899.4,2.69998E-21,1.27301E-21
1899.6,2.51976E-21,1.19119E-21
1899.8,2.34409E-21,1.11109E-21
1900,2.18138E-21,1.03671E-21
1900.2,2.03766E-21,9.70972E-22
1900.4,1.91694E-21,9.15872E-22
1900.6,1.82179E-21,8.72716E-22
1900.8,1.75221E-21,8.41612E-22
1901,1.70472E-21,8.20972E-22
1901.2,1.67452E-21,8.08564E-22
1901.4,1.6561E-21,8.01789E-22
1901.6,1.64321E-21,7.97654E-22
1901.8,1.63335E-21,7.94966E-22
1902,1.62455E-21,7.9278E-22
1902.2,1.61442E-21,7.89919E-22
1902.4,1.60255E-21,7.86186E-22
1902.6,1.58929E-21,7.81744E-22
1902.8,1.57494E-21,7.76738E-22
1903,1.56202E-21,7.72404E-22
1903.2,1.55335E-21,7.70146E-22
1903.4,1.55166E-21,7.71341E-22
1903.6,1.55902E-21,7.77051E-22
1903.8,1.5763E-21,7.8774E-22
1904,1.60398E-21,8.03689E-22
1904.2,1.64107E-21,8.24448E-22
1904.4,1.68743E-21,8.49976E-22
1904.6,1.74223E-21,8.79895E-22
1904.8,1.80486E-21,9.13932E-22
1905,1.87309E-21,9.50987E-22
1905.2,1.9453E-21,9.90254E-22
1905.4,2.01875E-21,1.03036E-21
1905.6,2.09082E-21,1.06996E-21
1905.8,2.16067E-21,1.10862E-21
1906,2.22706E-21,1.14569E-21
1906.2,2.28818E-21,1.18024E-21
1906.4,2.34178E-21,1.21107E-21
1906.6,2.38575E-21,1.23706E-21
1906.8,2.41713E-21,1.25663E-21
1907,2.43493E-21,1.26922E-21
1907.2,2.4385E-21,1.27443E-21
1907.4,2.42864E-21,1.27261E-21
1907.6,2.40678E-21,1.26448E-21
1907.8,2.37551E-21,1.25134E-21
1908,2.3388E-21,1.23524E-21
1908.2,2.3005E-21,1.21821E-21
1908.4,2.26541E-21,1.20278E-21
1908.6,2.23679E-21,1.19071E-21
1908.8,2.2189E-21,1.18429E-21
1909,2.21403E-21,1.1848E-21
1909.2,2.22369E-21,1.1931E-21
1909.4,2.24731E-21,1.20894E-21
1909.6,2.28361E-21,1.23169E-21
1909.8,2.3303E-21,1.26017E-21
1910,2.38438E-21,1.2928E-21
1910.2,2.44301E-21,1.32807E-21
1910.4,2.50352E-21,1.36454E-21
1910.6,2.56428E-21,1.40132E-21
1910.8,2.62406E-21,1.43775E-21
1911,2.6844E-21,1.47467E-21
1911.2,2.74738E-21,1.51323E-21
1911.4,2.81663E-21,1.55543E-21
1911.6,2.89468E-21,1.60272E-21
1911.8,2.98491E-21,1.65702E-21
1912,3.08901E-21,1.71929E-21
1912.2,3.20562E-21,1.78887E-21
1912.4,3.32933E-21,1.86278E-21
1912.6,3.45047E-21,1.93561E-21
1912.8,3.55953E-21,2.00202E-21
1913,3.64572E-21,2.05586E-21
1913.2,3.70006E-21,2.09196E-21
1913.4,3.71651E-21,2.10676E-21
1913.6,3.69231E-21,2.09852E-21
1913.8,3.62888E-21,2.06786E-21
1914,3.53124E-21,2.01749E-21
1914.2,3.40832E-21,1.95235E-21
1914.4,3.27024E-21,1.87815E-21
1914.6,3.12725E-21,1.80072E-21
1914.8,2.98702E-21,1.72446E-21
1915,2.855E-21,1.65255E-21
1915.2,2.73263E-21,1.58585E-21
1915.4,2.61871E-21,1.52371E-21
1915.6,2.50897E-21,1.46367E-21
1915.8,2.40062E-21,1.40411E-21
1916,2.29107E-21,1.34353E-21
1916.2,2.17893E-21,1.28111E-21
1916.4,2.06345E-21,1.21637E-21
1916.6,1.94469E-21,1.14935E-21
1916.8,1.82564E-21,1.0818E-21
1917,1.70958E-21,1.01567E-21
1917.2,1.60047E-21,9.53331E-22
1917.4,1.50248E-21,8.97293E-22
1917.6,1.41758E-21,8.48794E-22
1917.8,1.34845E-21,8.09501E-22
1918,1.29581E-21,7.79929E-22
1918.2,1.25979E-21,7.60225E-22
1918.4,1.23907E-21,7.49666E-22
1918.6,1.23313E-21,7.48012E-22
1918.8,1.2402E-21,7.54257E-22
1919,1.25889E-21,7.67616E-22
1919.2,1.28597E-21,7.86165E-22
1919.4,1.3176E-21,8.07601E-22
1919.6,1.34946E-21,8.29276E-22
1919.8,1.37784E-21,8.48919E-22
1920,1.39936E-21,8.64417E-22
1920.2,1.41153E-21,8.74196E-22
1920.4,1.4129E-21,8.77323E-22
1920.6,1.4035E-21,8.73744E-22
1920.8,1.38595E-21,8.65063E-22
1921,1.36434E-21,8.5378E-22
1921.2,1.34238E-21,8.42223E-22
1921.4,1.32345E-21,8.32497E-22
1921.6,1.30884E-21,8.25446E-22
1921.8,1.30168E-21,8.23058E-22
1922,1.30237E-21,8.25625E-22
1922.2,1.30952E-21,8.32314E-22
1922.4,1.31955E-21,8.40863E-22
1922.6,1.32945E-21,8.49366E-22
1922.8,1.33616E-21,8.55861E-22
1923,1.33914E-21,8.59996E-22
1923.2,1.33856E-21,8.61846E-22
1923.4,1.33651E-21,8.62757E-22
1923.6,1.33585E-21,8.64562E-22
1923.8,1.33934E-21,8.69067E-22
1924,1.34864E-21,8.77365E-22
1924.2,1.36392E-21,8.896E-22
1924.4,1.38288E-21,9.04299E-22
1924.6,1.40156E-21,9.18881E-22
1924.8,1.41672E-21,9.31223E-22
1925,1.42666E-21,9.40178E-22
1925.2,1.43083E-21,9.45368E-22
1925.4,1.4296E-21,9.46991E-22
1925.6,1.42473E-21,9.46203E-22
1925.8,1.42233E-21,9.47049E-22
1926,1.42888E-21,9.53868E-22
1926.2,1.451E-21,9.71138E-22
1926.4,1.4933E-21,1.00203E-21
1926.6,1.55764E-21,1.0479E-21
1926.8,1.64147E-21,1.10714E-21
1927,1.73995E-21,1.17659E-21
1927.2,1.84571E-21,1.25133E-21
1927.4,1.95155E-21,1.32649E-21
1927.6,2.04988E-21,1.39693E-21
1927.8,2.13616E-21,1.45947E-21
1928,2.2081E-21,1.51251E-21
1928.2,2.26798E-21,1.55753E-21
1928.4,2.31937E-21,1.59692E-21
1928.6,2.36627E-21,1.63341E-21
1928.8,2.4137E-21,1.67044E-21
1929,2.46622E-21,1.71118E-21
1929.2,2.52898E-21,1.75924E-21
1929.4,2.60379E-21,1.81594E-21
1929.6,2.69018E-21,1.88102E-21
1929.8,2.78692E-21,1.95368E-21
1930,2.89059E-21,2.03156E-21
1930.2,2.99679E-21,2.11161E-21
1930.4,3.10101E-21,2.19067E-21
1930.6,3.19854E-21,2.26537E-21
1930.8,3.28484E-21,2.33247E-21
1931,3.3579E-21,2.39047E-21
1931.2,3.41445E-21,2.43697E-21
1931.4,3.45439E-21,2.47181E-21
1931.6,3.4781E-21,2.49516E-21
1931.8,3.48726E-21,2.50815E-21
1932,3.4859E-21,2.51361E-21
1932.2,3.48022E-21,2.51596E-21
1932.4,3.4791E-21,2.5216E-21
1932.6,3.48979E-21,2.53583E-21
1932.8,3.51834E-21,2.56313E-21
1933,3.56887E-21,2.60661E-21
1933.2,3.64437E-21,2.66857E-21
1933.4,3.74565E-21,2.74976E-21
1933.6,3.87111E-21,2.84915E-21
1933.8,4.01879E-21,2.96541E-21
1934,4.18699E-21,3.09744E-21
1934.2,4.37359E-21,3.24376E-21
1934.4,4.57546E-21,3.40217E-21
1934.6,4.79122E-21,3.57172E-21
1934.8,5.02435E-21,3.7551E-21
1935,5.28052E-21,3.95665E-21
1935.2,5.56158E-21,4.1779E-21
1935.4,5.87485E-21,4.42451E-21
1935.6,6.22468E-21,4.69997E-21
1935.8,6.61112E-21,5.00451E-21
1936,7.03331E-21,5.3377E-21
1936.2,7.48369E-21,5.69401E-21
1936.4,7.95806E-21,6.07041E-21
1936.6,8.44447E-21,6.4579E-21
1936.8,8.93116E-21,6.84753E-21
1937,9.4083E-21,7.23177E-21
1937.2,9.8637E-21,7.60116E-21
1937.4,1.02894E-20,7.94945E-21
1937.6,1.06756E-20,8.26888E-21
1937.8,1.10141E-20,8.55278E-21
1938,1.13022E-20,8.79892E-21
1938.2,1.15379E-20,9.00533E-21
1938.4,1.17166E-20,9.16809E-21
1938.6,1.18376E-20,9.28636E-21
1938.8,1.19052E-20,9.36321E-21
1939,1.19198E-20,9.39858E-21
1939.2,1.18806E-20,9.39154E-21
1939.4,1.17938E-20,9.34665E-21
1939.6,1.16623E-20,9.26597E-21
1939.8,1.14898E-20,9.15212E-21
1940,1.1279E-20,9.00709E-21
1940.2,1.10292E-20,8.83006E-21
1940.4,1.07442E-20,8.62378E-21
1940.6,1.04214E-20,8.3859E-21
1940.8,1.00623E-20,8.11751E-21
1941,9.67449E-21,7.82453E-21
1941.2,9.265E-21,7.51239E-21
1941.4,8.84846E-21,7.19288E-21
1941.6,8.43695E-21,6.87579E-21
1941.8,8.04116E-21,6.56988E-21
1942,7.67484E-21,6.28651E-21
1942.2,7.34819E-21,6.03423E-21
1942.4,7.06582E-21,5.81708E-21
1942.6,6.83222E-21,5.63904E-21
1942.8,6.65049E-21,5.50298E-21
1943,6.51548E-21,5.40494E-21
1943.2,6.42176E-21,5.34071E-21
1943.4,6.36533E-21,5.3072E-21
1943.6,6.34106E-21,5.30037E-21
1943.8,6.34571E-21,5.31771E-21
1944,6.37284E-21,5.35398E-21
1944.2,6.41534E-21,5.40334E-21
1944.4,6.4658E-21,5.45964E-21
1944.6,6.51533E-21,5.51539E-21
1944.8,6.55561E-21,5.56354E-21
1945,6.58208E-21,5.60015E-21
1945.2,6.59229E-21,5.62304E-21
1945.4,6.5903E-21,5.63557E-21
1945.6,6.58195E-21,5.64266E-21
1945.8,6.57437E-21,5.65042E-21
1946,6.57765E-21,5.66754E-21
1946.2,6.60171E-21,5.70266E-21
1946.4,6.65033E-21,5.75918E-21
1946.6,6.72303E-21,5.83685E-21
1946.8,6.81564E-21,5.93221E-21
1947,6.91666E-21,6.03535E-21
1947.2,7.01162E-21,6.13366E-21
1947.4,7.08529E-21,6.21376E-21
1947.6,7.12573E-21,6.265E-21
1947.8,7.12436E-21,6.27961E-21
1948,7.07594E-21,6.25268E-21
1948.2,6.97868E-21,6.18229E-21
1948.4,6.83535E-21,6.0706E-21
1948.6,6.65404E-21,5.92448E-21
1948.8,6.44329E-21,5.7513E-21
1949,6.21246E-21,5.55925E-21
1949.2,5.97263E-21,5.35811E-21
1949.4,5.73295E-21,5.15605E-21
1949.6,5.5014E-21,4.96027E-21
1949.8,5.28479E-21,4.77697E-21
1950,5.09003E-21,4.61252E-21
1950.2,4.92528E-21,4.47446E-21
1950.4,4.79368E-21,4.36587E-21
1950.6,4.6979E-21,4.2894E-21
1950.8,4.64187E-21,4.24891E-21
1951,4.62773E-21,4.24664E-21
1951.2,4.65539E-21,4.28276E-21
1951.4,4.72283E-21,4.35573E-21
1951.6,4.82637E-21,4.46242E-21
1951.8,4.9609E-21,4.59833E-21
1952,5.11976E-21,4.75752E-21
1952.2,5.29105E-21,4.92904E-21
1952.4,5.46313E-21,5.10213E-21
1952.6,5.62505E-21,5.26655E-21
1952.8,5.76553E-21,5.41163E-21
1953,5.87449E-21,5.52775E-21
1953.2,5.9476E-21,5.6106E-21
1953.4,5.98217E-21,5.65738E-21
1953.6,5.98001E-21,5.66952E-21
1953.8,5.94665E-21,5.65205E-21
1954,5.88881E-21,5.6111E-21
1954.2,5.81441E-21,5.55411E-21
1954.4,5.72579E-21,5.48317E-21
1954.6,5.62465E-21,5.39983E-21
1954.8,5.51271E-21,5.30562E-21
1955,5.39004E-21,5.20056E-21
1955.2,5.25541E-21,5.08337E-21
1955.4,5.10777E-21,4.95293E-21
1955.6,4.94724E-21,4.80929E-21
1955.8,4.77776E-21,4.65616E-21
1956,4.60546E-21,4.49949E-21
1956.2,4.43525E-21,4.34404E-21
1956.4,4.27367E-21,4.19625E-21
1956.6,4.12677E-21,4.06215E-21
1956.8,3.99809E-21,3.94533E-21
1957,3.88891E-21,3.84719E-21
1957.2,3.79913E-21,3.76776E-21
1957.4,3.72717E-21,3.70564E-21
1957.6,3.67273E-21,3.66064E-21
1957.8,3.63616E-21,3.63325E-21
1958,3.61729E-21,3.62342E-21
1958.2,3.61791E-21,3.63309E-21
1958.4,3.636E-21,3.66038E-21
1958.6,3.67084E-21,3.70468E-21
1958.8,3.72213E-21,3.76583E-21
1959,3.78685E-21,3.84086E-21
1959.2,3.86027E-21,3.9251E-21
1959.4,3.93634E-21,4.01243E-21
1959.6,4.00902E-21,4.09671E-21
1959.8,4.07265E-21,4.17211E-21
1960,4.12366E-21,4.2349E-21
1960.2,4.15959E-21,4.28244E-21
1960.4,4.18039E-21,4.31458E-21
1960.6,4.18774E-21,4.33294E-21
1960.8,4.18405E-21,4.33991E-21
1961,4.17164E-21,4.33781E-21
1961.2,4.15126E-21,4.32736E-21
1961.4,4.12377E-21,4.30942E-21
1961.6,4.08954E-21,4.28428E-21
1961.8,4.04704E-21,4.2503E-21
1962,3.99382E-21,4.20485E-21
1962.2,3.92864E-21,4.14651E-21
1962.4,3.84896E-21,4.07252E-21
1962.6,3.75478E-21,3.98275E-21
1962.8,3.64832E-21,3.87945E-21
1963,3.53212E-21,3.76522E-21
1963.2,3.41061E-21,3.64472E-21
1963.4,3.28845E-21,3.52291E-21
1963.6,3.16948E-21,3.4039E-21
1963.8,3.05513E-21,3.28924E-21
1964,2.94719E-21,3.1809E-21
1964.2,2.84585E-21,3.07915E-21
1964.4,2.75139E-21,2.98434E-21
1964.6,2.66389E-21,2.8966E-21
1964.8,2.58321E-21,2.81583E-21
1965,2.5089E-21,2.74162E-21
1965.2,2.44114E-21,2.67419E-21
1965.4,2.38043E-21,2.61415E-21
1965.6,2.32705E-21,2.56186E-21
1965.8,2.2806E-21,2.51695E-21
1966,2.23992E-21,2.47818E-21
1966.2,2.20311E-21,2.4435E-21
1966.4,2.16786E-21,2.41035E-21
1966.6,2.1313E-21,2.37556E-21
1966.8,2.09159E-21,2.33708E-21
1967,2.04811E-21,2.29416E-21
1967.2,2.00283E-21,2.24899E-21
1967.4,1.95928E-21,2.20554E-21
1967.6,1.92094E-21,2.16773E-21
1967.8,1.89048E-21,2.13864E-21
1968,1.87058E-21,2.12135E-21
1968.2,1.86134E-21,2.11609E-21
1968.4,1.86292E-21,2.12313E-21
1968.6,1.87341E-21,2.14036E-21
1968.8,1.88951E-21,2.16408E-21
1969,1.90714E-21,2.18967E-21
1969.2,1.92361E-21,2.21403E-21
1969.4,1.93487E-21,2.23249E-21
1969.6,1.93863E-21,2.24235E-21
1969.8,1.93402E-21,2.24255E-21
1970,1.92104E-21,2.233E-21
1970.2,1.90066E-21,2.21476E-21
1970.4,1.87574E-21,2.19111E-21
1970.6,1.84845E-21,2.16455E-21
1970.8,1.8214E-21,2.13813E-21
1971,1.79681E-21,2.11448E-21
1971.2,1.77635E-21,2.09554E-21
1971.4,1.76109E-21,2.08267E-21
1971.6,1.75142E-21,2.07633E-21
1971.8,1.74679E-21,2.07594E-21
1972,1.74586E-21,2.07995E-21
1972.2,1.74543E-21,2.08456E-21
1972.4,1.74349E-21,2.08737E-21
1972.6,1.73671E-21,2.08436E-21
1972.8,1.72277E-21,2.07272E-21
1973,1.70081E-21,2.05134E-21
1973.2,1.67273E-21,2.02244E-21
1973.4,1.63978E-21,1.98747E-21
1973.6,1.60533E-21,1.9505E-21
1973.8,1.57307E-21,1.916E-21
1974,1.54529E-21,1.88679E-21
1974.2,1.52314E-21,1.86431E-21
1974.4,1.50711E-21,1.84924E-21
1974.6,1.49604E-21,1.84015E-21
1974.8,1.48833E-21,1.83517E-21
1975,1.48193E-21,1.83177E-21
1975.2,1.47339E-21,1.82568E-21
1975.4,1.45937E-21,1.81275E-21
1975.6,1.43796E-21,1.79053E-21
1975.8,1.40872E-21,1.75843E-21
1976,1.37274E-21,1.71771E-21
1976.2,1.33205E-21,1.67089E-21
1976.4,1.29076E-21,1.62307E-21
1976.6,1.25197E-21,1.57815E-21
1976.8,1.21811E-21,1.53923E-21
1977,1.19096E-21,1.50861E-21
1977.2,1.17144E-21,1.48752E-21
1977.4,1.15872E-21,1.47498E-21
1977.6,1.15184E-21,1.46981E-21
1977.8,1.14996E-21,1.471E-21
1978,1.15131E-21,1.47634E-21
1978.2,1.15373E-21,1.48306E-21
1978.4,1.15506E-21,1.4884E-21
1978.6,1.15372E-21,1.4903E-21
1978.8,1.1493E-21,1.48823E-21
1979,1.14306E-21,1.48377E-21
1979.2,1.13541E-21,1.47744E-21
1979.4,1.12625E-21,1.4691E-21
1979.6,1.11544E-21,1.45856E-21
1979.8,1.10232E-21,1.44493E-21
1980,1.0857E-21,1.42661E-21
1980.2,1.06479E-21,1.40256E-21
1980.4,1.04051E-21,1.37392E-21
1980.6,1.01448E-21,1.34282E-21
1980.8,9.88063E-22,1.31105E-21
1981,9.63936E-22,1.28216E-21
1981.2,9.43951E-22,1.25864E-21
1981.4,9.29901E-22,1.24293E-21
1981.6,9.22624E-22,1.23621E-21
1981.8,9.22721E-22,1.23936E-21
1982,9.29877E-22,1.25201E-21
1982.2,9.42331E-22,1.27187E-21
1982.4,9.57616E-22,1.29565E-21
1982.6,9.72595E-22,1.31913E-21
1982.8,9.84347E-22,1.33832E-21
1983,9.91422E-22,1.35122E-21
1983.2,9.92865E-22,1.35648E-21
1983.4,9.88456E-22,1.35375E-21
1983.6,9.79296E-22,1.34447E-21
1983.8,9.66591E-22,1.33025E-21
1984,9.51543E-22,1.31273E-21
1984.2,9.35106E-22,1.29319E-21
1984.4,9.19155E-22,1.27422E-21
1984.6,9.05409E-22,1.25822E-21
1984.8,8.94781E-22,1.24647E-21
1985,8.89795E-22,1.24254E-21
1985.2,8.91461E-22,1.24789E-21
1985.4,9.00862E-22,1.26412E-21
1985.6,9.17405E-22,1.29046E-21
1985.8,9.39842E-22,1.32523E-21
1986,9.66287E-22,1.36583E-21
1986.2,9.94197E-22,1.40869E-21
1986.4,1.02115E-21,1.45039E-21
1986.6,1.04404E-21,1.4865E-21
1986.8,1.06045E-21,1.51353E-21
1987,1.06894E-21,1.52934E-21
1987.2,1.06929E-21,1.53356E-21
1987.4,1.06212E-21,1.52696E-21
1987.6,1.05002E-21,1.51323E-21
1987.8,1.03582E-21,1.49639E-21
1988,1.02289E-21,1.48128E-21
1988.2,1.01371E-21,1.47155E-21
1988.4,1.01047E-21,1.47041E-21
1988.6,1.0133E-21,1.47809E-21
1988.8,1.02106E-21,1.49302E-21
1989,1.03373E-21,1.5152E-21
1989.2,1.04974E-21,1.54238E-21
1989.4,1.06793E-21,1.57291E-21
1989.6,1.08618E-21,1.60367E-21
1989.8,1.10279E-21,1.63212E-21
1990,1.11634E-21,1.65617E-21
1990.2,1.12603E-21,1.67459E-21
1990.4,1.13189E-21,1.68738E-21
1990.6,1.13451E-21,1.69537E-21
1990.8,1.13542E-21,1.70084E-21
1991,1.13704E-21,1.70737E-21
1991.2,1.14176E-21,1.71861E-21
1991.4,1.15095E-21,1.73661E-21
1991.6,1.1657E-21,1.76313E-21
1991.8,1.18565E-21,1.79763E-21
1992,1.21017E-21,1.83923E-21
1992.2,1.23851E-21,1.88684E-21
1992.4,1.26974E-21,1.93908E-21
1992.6,1.30161E-21,1.99255E-21
1992.8,1.33177E-21,2.04364E-21
1993,1.35995E-21,2.09191E-21
1993.2,1.38569E-21,2.13665E-21
1993.4,1.40991E-21,2.17924E-21
1993.6,1.43362E-21,2.22122E-21
1993.8,1.45833E-21,2.26494E-21
1994,1.48515E-21,2.31216E-21
1994.2,1.51361E-21,2.36214E-21
1994.4,1.54216E-21,2.41249E-21
1994.6,1.56923E-21,2.46075E-21
1994.8,1.59328E-21,2.50447E-21
1995,1.61502E-21,2.54475E-21
1995.2,1.63549E-21,2.58322E-21
1995.4,1.65624E-21,2.62228E-21
1995.6,1.67807E-21,2.66323E-21
1995.8,1.70022E-21,2.70487E-21
1996,1.72116E-21,2.74477E-21
1996.2,1.73949E-21,2.78067E-21
1996.4,1.75361E-21,2.80998E-21
1996.6,1.76108E-21,2.82872E-21
1996.8,1.76023E-21,2.83415E-21
1997,1.75095E-21,2.82598E-21
1997.2,1.73395E-21,2.80526E-21
1997.4,1.71157E-21,2.77569E-21
1997.6,1.68719E-21,2.74272E-21
1997.8,1.66519E-21,2.71346E-21
1998,1.6501E-21,2.69532E-21
1998.2,1.64355E-21,2.69106E-21
1998.4,1.64449E-21,2.69907E-21
1998.6,1.64969E-21,2.71409E-21
1998.8,1.65384E-21,2.72744E-21
1999,1.65293E-21,2.73246E-21
1999.2,1.64325E-21,2.72298E-21
1999.4,1.62398E-21,2.69749E-21
1999.6,1.59631E-21,2.65789E-21
1999.8,1.56265E-21,2.60806E-21
2000,1.52671E-21,2.55418E-21
2000.2,1.49295E-21,2.50369E-21
2000.4,1.46572E-21,2.46391E-21
2000.6,1.44743E-21,2.43897E-21
2000.8,1.43979E-21,2.43191E-21
2001,1.4412E-21,2.44011E-21
2001.2,1.44916E-21,2.45945E-21
2001.4,1.45975E-21,2.48335E-21
2001.6,1.46929E-21,2.50556E-21
2001.8,1.47533E-21,2.52187E-21
2002,1.47737E-21,2.5314E-21
2002.2,1.47587E-21,2.53486E-21
2002.4,1.47294E-21,2.53587E-21
2002.6,1.47143E-21,2.53932E-21
2002.8,1.47381E-21,2.5495E-21
2003,1.48266E-21,2.57093E-21
2003.2,1.4983E-21,2.60425E-21
2003.4,1.52019E-21,2.64861E-21
2003.6,1.54685E-21,2.70149E-21
2003.8,1.57484E-21,2.75694E-21
2004,1.60041E-21,2.80837E-21
2004.2,1.62008E-21,2.84967E-21
2004.4,1.63162E-21,2.8768E-21
2004.6,1.63389E-21,2.88768E-21
2004.8,1.62888E-21,2.88567E-21
2005,1.61773E-21,2.87276E-21
2005.2,1.60378E-21,2.85477E-21
2005.4,1.59046E-21,2.8378E-21
2005.6,1.58224E-21,2.82986E-21
2005.8,1.58226E-21,2.83663E-21
2006,1.59202E-21,2.86093E-21
2006.2,1.61129E-21,2.90243E-21
2006.4,1.63891E-21,2.95921E-21
2006.6,1.67216E-21,3.02642E-21
2006.8,1.70746E-21,3.09767E-21
2007,1.74188E-21,3.16762E-21
2007.2,1.77191E-21,3.22989E-21
2007.4,1.79514E-21,3.28002E-21
2007.6,1.81034E-21,3.31565E-21
2007.8,1.81671E-21,3.33522E-21
2008,1.81424E-21,3.33859E-21
2008.2,1.80441E-21,3.3284E-21
2008.4,1.78871E-21,3.30727E-21
2008.6,1.76913E-21,3.27883E-21
2008.8,1.74868E-21,3.24862E-21
2009,1.72848E-21,3.21872E-21
2009.2,1.70879E-21,3.1896E-21
2009.4,1.68992E-21,3.16185E-21
2009.6,1.67235E-21,3.13641E-21
2009.8,1.65553E-21,3.11222E-21
2010,1.63944E-21,3.08928E-21
2010.2,1.62439E-21,3.06817E-21
2010.4,1.61124E-21,3.05054E-21
2010.6,1.60049E-21,3.03736E-21
2010.8,1.59261E-21,3.02958E-21
2011,1.58869E-21,3.02928E-21
2011.2,1.58945E-21,3.03789E-21
2011.4,1.59576E-21,3.05719E-21
2011.6,1.60819E-21,3.0883E-21
2011.8,1.62641E-21,3.13068E-21
2012,1.64862E-21,3.18093E-21
2012.2,1.67351E-21,3.23659E-21
2012.4,1.69816E-21,3.29203E-21
2012.6,1.72043E-21,3.34309E-21
2012.8,1.73881E-21,3.3868E-21
2013,1.75236E-21,3.42125E-21
2013.2,1.76039E-21,3.44504E-21
2013.4,1.76389E-21,3.46004E-21
2013.6,1.76378E-21,3.46801E-21
2013.8,1.76121E-21,3.47114E-21
2014,1.75856E-21,3.47409E-21
2014.2,1.7584E-21,3.48197E-21
2014.4,1.76247E-21,3.49828E-21
2014.6,1.77183E-21,3.52515E-21
2014.8,1.78584E-21,3.5614E-21
2015,1.80298E-21,3.60408E-21
2015.2,1.82121E-21,3.64909E-21
2015.4,1.83832E-21,3.69206E-21
2015.6,1.8532E-21,3.73071E-21
2015.8,1.86523E-21,3.76379E-21
2016,1.87412E-21,3.79063E-21
2016.2,1.8813E-21,3.81413E-21
2016.4,1.88834E-21,3.83742E-21
2016.6,1.89715E-21,3.86439E-21
2016.8,1.90943E-21,3.89857E-21
2017,1.92672E-21,3.94314E-21
2017.2,1.95023E-21,4.00064E-21
2017.4,1.98024E-21,4.07175E-21
2017.6,2.01584E-21,4.15472E-21
2017.8,2.05519E-21,4.24578E-21
2018,2.09723E-21,4.34283E-21
2018.2,2.14092E-21,4.44372E-21
2018.4,2.1853E-21,4.54649E-21
2018.6,2.2303E-21,4.65102E-21
2018.8,2.27476E-21,4.75488E-21
2019,2.31837E-21,4.85743E-21
2019.2,2.36031E-21,4.95691E-21
2019.4,2.39934E-21,5.05071E-21
2019.6,2.43522E-21,5.13827E-21
2019.8,2.46768E-21,5.21899E-21
2020,2.49636E-21,5.29203E-21
2020.2,2.52118E-21,5.35719E-21
2020.4,2.54277E-21,5.41575E-21
2020.6,2.5609E-21,5.46716E-21
2020.8,2.57566E-21,5.51157E-21
2021,2.58719E-21,5.54922E-21
2021.2,2.59679E-21,5.58287E-21
2021.4,2.60489E-21,5.6134E-21
2021.6,2.61188E-21,5.64167E-21
2021.8,2.6161E-21,5.66401E-21
2022,2.61677E-21,5.67873E-21
2022.2,2.61278E-21,5.68335E-21
2022.4,2.60486E-21,5.67939E-21
2022.6,2.59413E-21,5.66924E-21
2022.8,2.5808E-21,5.65331E-21
2023,2.56582E-21,5.63364E-21
2023.2,2.54827E-21,5.6082E-21
2023.4,2.5269E-21,5.57419E-21
2023.6,2.50064E-21,5.52917E-21
2023.8,2.46879E-21,5.47149E-21
2024,2.43063E-21,5.39951E-21
2024.2,2.38575E-21,5.31221E-21
2024.4,2.33545E-21,5.21235E-21
2024.6,2.28094E-21,5.10259E-21
2024.8,2.22447E-21,4.98789E-21
2025,2.16872E-21,4.87423E-21
2025.2,2.11851E-21,4.77252E-21
2025.4,2.07883E-21,4.69404E-21
2025.6,2.05428E-21,4.64946E-21
2025.8,2.04514E-21,4.63957E-21
2026,2.04875E-21,4.6586E-21
2026.2,2.05942E-21,4.69379E-21
2026.4,2.07178E-21,4.73297E-21
2026.6,2.07957E-21,4.76184E-21
2026.8,2.07805E-21,4.76945E-21
2027,2.06467E-21,4.74979E-21
2027.2,2.03876E-21,4.70112E-21
2027.4,2.00289E-21,4.62916E-21
2027.6,1.96199E-21,4.5452E-21
2027.8,1.92242E-21,4.46389E-21
2028,1.8899E-21,4.39861E-21
2028.2,1.86906E-21,4.36022E-21
2028.4,1.86348E-21,4.35734E-21
2028.6,1.87364E-21,4.39128E-21
2028.8,1.89656E-21,4.45534E-21
2029,1.92551E-21,4.53386E-21
2029.2,1.95326E-21,4.60992E-21
2029.4,1.97437E-21,4.67057E-21
2029.6,1.98675E-21,4.71079E-21
2029.8,1.99081E-21,4.73138E-21
2030,1.989E-21,4.73807E-21
2030.2,1.98543E-21,4.74055E-21
2030.4,1.98585E-21,4.75258E-21
2030.6,1.99414E-21,4.7835E-21
2030.8,2.01385E-21,4.84199E-21
2031,2.04659E-21,4.93213E-21
2031.2,2.09234E-21,5.05408E-21
2031.4,2.1499E-21,5.20517E-21
2031.6,2.21643E-21,5.37871E-21
2031.8,2.28697E-21,5.56276E-21
2032,2.35512E-21,5.74181E-21
2032.2,2.41455E-21,5.90036E-21
2032.4,2.46203E-21,6.03034E-21
2032.6,2.49664E-21,6.12929E-21
2032.8,2.51938E-21,6.19945E-21
2033,2.53143E-21,6.24352E-21
2033.2,2.53419E-21,6.26482E-21
2033.4,2.52968E-21,6.26815E-21
2033.6,2.52074E-21,6.26046E-21
2033.8,2.51106E-21,6.25087E-21
2034,2.50508E-21,6.25042E-21
2034.2,2.50665E-21,6.26879E-21
2034.4,2.51945E-21,6.3154E-21
2034.6,2.54372E-21,6.39097E-21
2034.8,2.57815E-21,6.49248E-21
2035,2.62039E-21,6.61409E-21
2035.2,2.66775E-21,6.74921E-21
2035.4,2.719E-21,6.89477E-21
2035.6,2.77332E-21,7.04876E-21
2035.8,2.82987E-21,7.20913E-21
2036,2.88742E-21,7.37271E-21
2036.2,2.94312E-21,7.53229E-21
2036.4,2.99548E-21,7.68402E-21
2036.6,3.04338E-21,7.8249E-21
2036.8,3.08629E-21,7.95355E-21
2037,3.12406E-21,8.06947E-21
2037.2,3.1556E-21,8.16976E-21
2037.4,3.17977E-21,8.25131E-21
2037.6,3.19483E-21,8.30952E-21
2037.8,3.19927E-21,8.34026E-21
2038,3.19444E-21,8.34687E-21
2038.2,3.1824E-21,8.33457E-21
2038.4,3.16672E-21,8.31262E-21
2038.6,3.15053E-21,8.28919E-21
2038.8,3.13641E-21,8.27104E-21
2039,3.12592E-21,8.26236E-21
2039.2,3.11878E-21,8.26248E-21
2039.4,3.11465E-21,8.27055E-21
2039.6,3.11214E-21,8.2829E-21
2039.8,3.10996E-21,8.29614E-21
2040,3.10645E-21,8.30586E-21
2040.2,3.09794E-21,8.30217E-21
2040.4,3.08166E-21,8.27752E-21
2040.6,3.05497E-21,8.2247E-21
2040.8,3.01704E-21,8.14128E-21
2041,2.96931E-21,8.0309E-21
2041.2,2.91394E-21,7.89925E-21
2041.4,2.85518E-21,7.75775E-21
2041.6,2.79673E-21,7.6164E-21
2041.8,2.74169E-21,7.48366E-21
2042,2.69527E-21,7.37386E-21
2042.2,2.66158E-21,7.29839E-21
2042.4,2.64309E-21,7.26434E-21
2042.6,2.64137E-21,7.27626E-21
2042.8,2.65625E-21,7.33404E-21
2043,2.68579E-21,7.43264E-21
2043.2,2.72618E-21,7.56171E-21
2043.4,2.77369E-21,7.71114E-21
2043.6,2.82463E-21,7.87077E-21
2043.8,2.87664E-21,8.03407E-21
2044,2.92855E-21,8.19778E-21
2044.2,2.97931E-21,8.35901E-21
2044.4,3.03007E-21,8.52089E-21
2044.6,3.08209E-21,8.68703E-21
2044.8,3.13893E-21,8.8675E-21
2045,3.20456E-21,9.07365E-21
2045.2,3.2808E-21,9.31077E-21
2045.4,3.36836E-21,9.58115E-21
2045.6,3.46495E-21,9.87847E-21
2045.8,3.56549E-21,1.01883E-20
2046,3.66691E-21,1.05021E-20
2046.2,3.76607E-21,1.08108E-20
2046.4,3.85975E-21,1.11051E-20
2046.6,3.94705E-21,1.13822E-20
2046.8,4.02858E-21,1.16439E-20
2047,4.10673E-21,1.18969E-20
2047.2,4.18505E-21,1.21514E-20
2047.4,4.26961E-21,1.24253E-20
2047.6,4.36718E-21,1.27383E-20
2047.8,4.48342E-21,1.31072E-20
2048,4.62045E-21,1.35386E-20
2048.2,4.77604E-21,1.40265E-20
2048.4,4.9447E-21,1.4555E-20
2048.6,5.11784E-21,1.5099E-20
2048.8,5.28898E-21,1.56395E-20
2049,5.45177E-21,1.61576E-20
2049.2,5.59889E-21,1.66315E-20
2049.4,5.72583E-21,1.70474E-20
2049.6,5.82954E-21,1.73957E-20
2049.8,5.90753E-21,1.76686E-20
2050,5.96252E-21,1.78737E-20
2050.2,5.99906E-21,1.80242E-20
2050.4,6.02157E-21,1.8133E-20
2050.6,6.03516E-21,1.82154E-20
2050.8,6.04279E-21,1.82799E-20
2051,6.04466E-21,1.83272E-20
2051.2,6.03806E-21,1.83489E-20
2051.4,6.02042E-21,1.83369E-20
2051.6,5.9892E-21,1.82833E-20
2051.8,5.9426E-21,1.81823E-20
2052,5.87914E-21,1.80291E-20
2052.2,5.79795E-21,1.78205E-20
2052.4,5.69951E-21,1.75578E-20
2052.6,5.58613E-21,1.72476E-20
2052.8,5.4648E-21,1.69113E-20
2053,5.34226E-21,1.65697E-20
2053.2,5.22286E-21,1.62362E-20
2053.4,5.11081E-21,1.59239E-20
2053.6,5.00741E-21,1.56372E-20
2053.8,4.90982E-21,1.53672E-20
2054,4.81559E-21,1.51065E-20
2054.2,4.72282E-21,1.48491E-20
2054.4,4.62938E-21,1.45884E-20
2054.6,4.53592E-21,1.43263E-20
2054.8,4.44329E-21,1.40655E-20
2055,4.35356E-21,1.38127E-20
2055.2,4.27036E-21,1.35795E-20
2055.4,4.19789E-21,1.33793E-20
2055.6,4.13929E-21,1.32225E-20
2055.8,4.09564E-21,1.31127E-20
2056,4.06578E-21,1.30465E-20
2056.2,4.04507E-21,1.30095E-20
2056.4,4.02682E-21,1.29801E-20
2056.6,4.00544E-21,1.29404E-20
2056.8,3.97779E-21,1.28802E-20
2057,3.9436E-21,1.27984E-20
2057.2,3.9047E-21,1.27008E-20
2057.4,3.86491E-21,1.25998E-20
2057.6,3.82923E-21,1.25118E-20
2057.8,3.80076E-21,1.24468E-20
2058,3.78236E-21,1.24146E-20
2058.2,3.77581E-21,1.24211E-20
2058.4,3.78063E-21,1.24651E-20
2058.6,3.79439E-21,1.25387E-20
2058.8,3.81027E-21,1.26196E-20
2059,3.82097E-21,1.26836E-20
2059.2,3.82065E-21,1.27112E-20
2059.4,3.80525E-21,1.26886E-20
2059.6,3.77423E-21,1.26135E-20
2059.8,3.72976E-21,1.24931E-20
2060,3.67709E-21,1.23444E-20
2060.2,3.62178E-21,1.21862E-20
2060.4,3.56846E-21,1.20339E-20
2060.6,3.52288E-21,1.1907E-20
2060.8,3.48815E-21,1.18162E-20
2061,3.46819E-21,1.1775E-20
2061.2,3.46488E-21,1.17903E-20
2061.4,3.47648E-21,1.18564E-20
2061.6,3.50088E-21,1.19665E-20
2061.8,3.53335E-21,1.21047E-20
2062,3.5695E-21,1.22561E-20
2062.2,3.60558E-21,1.24079E-20
2062.4,3.64036E-21,1.25558E-20
2062.6,3.67355E-21,1.26988E-20
2062.8,3.70384E-21,1.28323E-20
2063,3.73007E-21,1.29523E-20
2063.2,3.74995E-21,1.30506E-20
2063.4,3.76108E-21,1.31188E-20
2063.6,3.76203E-21,1.31516E-20
2063.8,3.75154E-21,1.31444E-20
2064,3.72973E-21,1.30974E-20
2064.2,3.69755E-21,1.30135E-20
2064.4,3.65567E-21,1.28951E-20
2064.6,3.60675E-21,1.27511E-20
2064.8,3.55236E-21,1.2587E-20
2065,3.49703E-21,1.24188E-20
2065.2,3.44503E-21,1.22616E-20
2065.4,3.39766E-21,1.21201E-20
2065.6,3.35531E-21,1.19959E-20
2065.8,3.31434E-21,1.1876E-20
2066,3.26948E-21,1.17416E-20
2066.2,3.21443E-21,1.15698E-20
2066.4,3.14518E-21,1.13459E-20
2066.6,3.05984E-21,1.10628E-20
2066.8,2.95897E-21,1.07221E-20
2067,2.84585E-21,1.03353E-20
2067.2,2.7249E-21,9.91823E-21
2067.4,2.60223E-21,9.49294E-21
2067.6,2.48413E-21,9.08244E-21
2067.8,2.37555E-21,8.7049E-21
2068,2.28019E-21,8.37415E-21
2068.2,2.19945E-21,8.09573E-21
2068.4,2.13109E-21,7.86166E-21
2068.6,2.07091E-21,7.65677E-21
2068.8,2.01238E-21,7.45701E-21
2069,1.95111E-21,7.24613E-21
2069.2,1.88488E-21,7.01582E-21
2069.4,1.81314E-21,6.76388E-21
2069.6,1.73815E-21,6.49865E-21
2069.8,1.66243E-21,6.22944E-21
2070,1.58891E-21,5.96724E-21
2070.2,1.52014E-21,5.72173E-21
2070.4,1.45816E-21,5.5007E-21
2070.6,1.40395E-21,5.30801E-21
2070.8,1.35667E-21,5.14072E-21
2071,1.31448E-21,4.99198E-21
2071.2,1.27402E-21,4.84911E-21
2071.4,1.23225E-21,4.7006E-21
2071.6,1.18705E-21,4.53828E-21
2071.8,1.13846E-21,4.36222E-21
2072,1.08889E-21,4.18159E-21
2072.2,1.04209E-21,4.01083E-21
2072.4,1.00191E-21,3.86475E-21
2072.6,9.71646E-22,3.75637E-21
2072.8,9.52345E-22,3.68996E-21
2073,9.44062E-22,3.66602E-21
2073.2,9.44779E-22,3.67698E-21
2073.4,9.51209E-22,3.71025E-21
2073.6,9.59241E-22,3.74991E-21
2073.8,9.64525E-22,3.77897E-21
2074,9.62783E-22,3.78054E-21
2074.2,9.5171E-22,3.74538E-21
2074.4,9.30681E-22,3.67077E-21
2074.6,9.0189E-22,3.56513E-21
2074.8,8.6865E-22,3.44137E-21
2075,8.35455E-22,3.31722E-21
2075.2,8.05624E-22,3.20589E-21
2075.4,7.81437E-22,3.11655E-21
2075.6,7.63122E-22,3.05028E-21
2075.8,7.50682E-22,3.00722E-21
2076,7.42997E-22,2.98305E-21
2076.2,7.38282E-22,2.9707E-21
2076.4,7.34822E-22,2.96335E-21
2076.6,7.30789E-22,2.95363E-21
2076.8,7.24412E-22,2.93436E-21
2077,7.14604E-22,2.90105E-21
2077.2,7.00545E-22,2.85029E-21
2077.4,6.82228E-22,2.78192E-21
2077.6,6.60429E-22,2.69901E-21
2077.8,6.36892E-22,2.60859E-21
2078,6.13378E-22,2.51785E-21
2078.2,5.92046E-22,2.43568E-21
2078.4,5.74571E-22,2.36903E-21
2078.6,5.62192E-22,2.32312E-21
2078.8,5.54937E-22,2.29823E-21
2079,5.52653E-22,2.29384E-21
2079.2,5.54542E-22,2.30678E-21
2079.4,5.59382E-22,2.33206E-21
2079.6,5.64259E-22,2.3576E-21
2079.8,5.67808E-22,2.37768E-21
2080,5.68529E-22,2.38597E-21
2080.2,5.65879E-22,2.38011E-21
2080.4,5.60442E-22,2.36246E-21
2080.6,5.5308E-22,2.33658E-21
2080.8,5.45216E-22,2.30845E-21
2081,5.38102E-22,2.28337E-21
2081.2,5.32243E-22,2.2635E-21
2081.4,5.26866E-22,2.24558E-21
2081.6,5.21266E-22,2.22663E-21
2081.8,5.14388E-22,2.2021E-21
2082,5.065E-22,2.17312E-21
2082.2,4.98373E-22,2.14298E-21
2082.4,4.91819E-22,2.11947E-21
2082.6,4.87885E-22,2.10715E-21
2082.8,4.86968E-22,2.10784E-21
2083,4.89122E-22,2.12184E-21
2083.2,4.94677E-22,2.15067E-21
2083.4,5.02852E-22,2.19103E-21
2083.6,5.11446E-22,2.2334E-21
2083.8,5.19854E-22,2.27511E-21
2084,5.26783E-22,2.31053E-21
2084.2,5.31372E-22,2.33579E-21
2084.4,5.33247E-22,2.3492E-21
2084.6,5.32138E-22,2.34948E-21
2084.8,5.28936E-22,2.34049E-21
2085,5.24619E-22,2.3265E-21
2085.2,5.19612E-22,2.30937E-21
2085.4,5.13434E-22,2.28694E-21
2085.6,5.05611E-22,2.25705E-21
2085.8,4.94689E-22,2.21315E-21
2086,4.81317E-22,2.15807E-21
2086.2,4.66213E-22,2.09495E-21
2086.4,4.51147E-22,2.03171E-21
2086.6,4.37246E-22,1.97344E-21
2086.8,4.25819E-22,1.92609E-21
2087,4.17452E-22,1.8924E-21
2087.2,4.12838E-22,1.87559E-21
2087.4,4.10634E-22,1.86968E-21
2087.6,4.0883E-22,1.86556E-21
2087.8,4.06599E-22,1.85945E-21
2088,4.02754E-22,1.84591E-21
2088.2,3.96609E-22,1.82174E-21
2088.4,3.88435E-22,1.78811E-21
2088.6,3.78562E-22,1.74649E-21
2088.8,3.68876E-22,1.70554E-21
2089,3.61225E-22,1.67383E-21
2089.2,3.57019E-22,1.65797E-21
2089.4,3.56789E-22,1.66053E-21
2089.6,3.60154E-22,1.67987E-21
2089.8,3.65309E-22,1.70765E-21
2090,3.71293E-22,1.73943E-21
2090.2,3.75782E-22,1.76432E-21
2090.4,3.76149E-22,1.76991E-21
2090.6,3.70028E-22,1.74493E-21
2090.8,3.56898E-22,1.6867E-21
2091,3.37473E-22,1.59839E-21
2091.2,3.14265E-22,1.49173E-21
2091.4,2.89364E-22,1.37653E-21
2091.6,2.65308E-22,1.26486E-21
2091.8,2.44955E-22,1.17038E-21
2092,2.30165E-22,1.10212E-21
2092.2,2.22226E-22,1.06644E-21
2092.4,2.21406E-22,1.06482E-21
2092.6,2.26063E-22,1.0896E-21
2092.8,2.34368E-22,1.1321E-21
2093,2.43568E-22,1.17911E-21
2093.2,2.50678E-22,1.21618E-21
2093.4,2.5289E-22,1.22959E-21
2093.6,2.49652E-22,1.2165E-21
2093.8,2.41966E-22,1.18163E-21
2094,2.33222E-22,1.14141E-21
2094.2,2.2666E-22,1.11172E-21
2094.4,2.2451E-22,1.10358E-21
2094.6,2.28037E-22,1.12336E-21
2094.8,2.37552E-22,1.17279E-21
2095,2.5247E-22,1.24916E-21
2095.2,2.7171E-22,1.34729E-21
2095.4,2.9282E-22,1.45513E-21
2095.6,3.13146E-22,1.55953E-21
2095.8,3.2988E-22,1.64645E-21
2096,3.40499E-22,1.70315E-21
2096.2,3.44042E-22,1.72462E-21
2096.4,3.4054E-22,1.71079E-21
2096.6,3.311E-22,1.66699E-21
2096.8,3.18411E-22,1.60659E-21
2097,3.04803E-22,1.54128E-21
2097.2,2.91448E-22,1.47696E-21
2097.4,2.78186E-22,1.41282E-21
2097.6,2.66076E-22,1.35426E-21
2097.8,2.55069E-22,1.30106E-21
2098,2.45782E-22,1.25642E-21
2098.2,2.39367E-22,1.22629E-21
2098.4,2.3618E-22,1.21259E-21
2098.6,2.36527E-22,1.21701E-21
2098.8,2.39949E-22,1.2373E-21
2099,2.45727E-22,1.26985E-21
2099.2,2.53621E-22,1.3135E-21
2099.4,2.63181E-22,1.36597E-21
2099.6,2.73961E-22,1.425E-21
2099.8,2.84517E-22,1.48313E-21
2100,2.93036E-22,1.53085E-21
